name,code,market,par_value,total_shrs
마이크로컨텍솔,098120,KOSDAQ,500,8312766
포스코엠텍,009520,KOSDAQ GLOBAL,500,41642703
AJ네트웍스,095570,KOSPI,1000,45252759
AK홀딩스,006840,KOSPI,5000,13247561
BGF리테일,282330,KOSPI,1000,17283906
BGF,027410,KOSPI,1000,95716791
BNK금융지주,138930,KOSPI,5000,318383519
BYC우,001465,KOSPI,500,2153850
BYC,001460,KOSPI,500,6246150
CJ우,001045,KOSPI,5000,2260223
CJ4우(전환),00104K,KOSPI,5000,4226512
CJ,001040,KOSPI,5000,29176998
CJ씨푸드1우,011155,KOSPI,500,200000
CJ씨푸드,011150,KOSPI,500,35930773
CMG제약,058820,KOSDAQ,500,143056533
CS홀딩스,000590,KOSPI,5000,1154482
DB,012030,KOSPI,500,201173933
DB손해보험,005830,KOSPI,500,70800000
DB증권,016610,KOSPI,5000,42446389
DB하이텍,000990,KOSPI,5000,44398588
DI동일,001530,KOSPI,500,20334136
DL우,000215,KOSPI,5000,1686115
DL,000210,KOSPI,5000,20955884
DL이앤씨우,37550K,KOSPI,5000,2113885
DL이앤씨2우(전환),37550L,KOSPI,5000,2111951
DL이앤씨,375500,KOSPI,5000,38693623
DSR,155660,KOSPI,500,16000000
DSR제강,069730,KOSPI,500,14400000
DS단석,017860,KOSPI,500,17584212
E1,017940,KOSPI,5000,6860000
ESR켄달스퀘어리츠,365550,KOSPI,1000,213089000
ES큐브,050120,KOSDAQ,5000,13564086
F&F,383220,KOSPI,100,38307075
F&F홀딩스,007700,KOSPI,500,39114367
GS우,078935,KOSPI,5000,1784826
GS건설,006360,KOSPI,5000,85581490
GS,078930,KOSPI,5000,92915378
HDC,012630,KOSPI,5000,59741721
HDC현대산업개발,294870,KOSPI,5000,65907330
HJ중공업,097230,KOSPI,5000,83274281
HL D&I,014790,KOSPI,5000,37858601
HLB이노베이션,024850,KOSDAQ,500,144304123
HL만도,204320,KOSPI,1000,46957120
HL홀딩스,060980,KOSPI,5000,9403877
HS애드,035000,KOSPI,1000,16567409
IHQ,003560,KOSPI,500,7083730
INVENI,015360,KOSPI,5000,6000000
JB금융지주,175330,KOSPI,5000,193907972
JW생명과학,234080,KOSPI,2500,15834554
JW중외제약우,001065,KOSPI,2500,341951
JW중외제약2우B,001067,KOSPI,2500,209973
JW중외제약,001060,KOSPI,2500,23285930
JW홀딩스,096760,KOSPI,500,73924942
KB금융,105560,KOSPI,5000,381462103
KB스타리츠,432320,KOSPI,500,101414285
KB오토시스,024120,KOSDAQ,500,11500000
KCTC,009070,KOSPI,500,30000000
KD,044180,KOSDAQ,500,26717799
KG모빌리티,003620,KOSPI,1000,202374912
KG스틸,016380,KOSPI,5000,100008897
KG케미칼,001390,KOSPI,1000,68469040
KH 필룩스,033180,KOSPI,500,5204004
KISCO홀딩스,001940,KOSPI,1000,14176380
KPX케미칼,025000,KOSPI,5000,4840000
KPX홀딩스,092230,KOSPI,5000,4224646
KR모터스,000040,KOSPI,500,60132868
LF,093050,KOSPI,5000,29240000
LG우,003555,KOSPI,5000,3011199
LG디스플레이,034220,KOSPI,5000,500000000
LG,003550,KOSPI,5000,157251165
LG생활건강우,051905,KOSPI,5000,2099697
LG생활건강,051900,KOSPI,5000,15618197
LG에너지솔루션,373220,KOSPI,500,234000000
LG유플러스,032640,KOSPI,5000,436611361
LG이노텍,011070,KOSPI,5000,23667107
LG전자우,066575,KOSPI,5000,17185992
LG전자,066570,KOSPI,5000,163647814
LG화학우,051915,KOSPI,5000,7688800
LG화학,051910,KOSPI,5000,70592343
LIG넥스원,079550,KOSPI,5000,22000000
LS ELECTRIC,010120,KOSPI,5000,30000000
LS네트웍스,000680,KOSPI,5000,78803016
LS,006260,KOSPI,5000,32200000
LS에코에너지,229640,KOSPI,500,30624879
LX세미콘,108320,KOSPI,500,16264300
LX인터내셔널,001120,KOSPI,5000,38760000
MDS테크,086960,KOSDAQ,200,92821788
MH에탄올,023150,KOSPI,500,7378526
NAVER,035420,KOSPI,100,158437008
NHN,181710,KOSPI,500,33766123
NH프라임리츠,338100,KOSPI,500,18660000
NICE,034310,KOSPI,500,37128442
NICE인프라,063570,KOSDAQ,500,34147728
NI스틸,008260,KOSPI,500,28600117
NPC우,004255,KOSPI,500,5280000
NPC,004250,KOSPI,500,36720000
OCI,456040,KOSPI,5000,8952495
S-Oil우,010955,KOSPI,2500,4021927
S-Oil,010950,KOSPI,2500,112582792
SBI핀테크솔루션즈,950110,KOSDAQ,무액면,24052540
SGC에너지,005090,KOSPI,5000,14409333
SG글로벌,001380,KOSPI,500,44964143
SHD,001770,KOSPI,5000,1214878
SH에너지화학,002360,KOSPI,500,111133730
SIMPAC,009160,KOSPI,500,65429516
SJM,123700,KOSPI,500,15604898
SJM홀딩스,025530,KOSPI,500,14934008
SK우,03473K,KOSPI,200,566135
SKC,011790,KOSPI,5000,37868298
SK가스,018670,KOSPI,5000,9245244
SK네트웍스,001740,KOSPI,2500,221277902
SK디앤디,210980,KOSPI,1000,18617382
SK리츠,395400,KOSPI,500,276188774
SK,034730,KOSPI,200,72502703
SK스퀘어,402340,KOSPI,100,132540858
SK시그넷,260870,KONEX,500,18569800
SK아이이테크놀로지,361610,KOSPI,1000,71297592
SK오션플랜트,100090,KOSPI,500,59195568
SK이노베이션우,096775,KOSPI,5000,1248426
SK이노베이션,096770,KOSPI,5000,151034776
SK증권우,001515,KOSPI,500,3912514
SK증권,001510,KOSPI,500,472590171
SK케미칼우,28513K,KOSPI,5000,2115429
SK케미칼,285130,KOSPI,5000,17253783
SK텔레콤,017670,KOSPI,100,214790053
SNT다이내믹스,003570,KOSPI,2500,33252697
SNT모티브,064960,KOSPI,5000,26540272
SNT에너지,100840,KOSPI,500,20680783
SNT홀딩스,036530,KOSPI,500,16303886
SPC삼립,005610,KOSPI,5000,8629009
STX그린로지스,465770,KOSPI,2500,7171032
STX,011810,KOSPI,2500,31017927
STX엔진,077970,KOSPI,2500,40148063
TBH글로벌,084870,KOSPI,500,20856819
TCC스틸,002710,KOSPI,1000,26213697
WISCOM,024070,KOSPI,500,15326438
가비아,079940,KOSDAQ,500,13535684
가온그룹,078890,KOSDAQ,500,17920849
가온전선,000500,KOSPI,5000,16543115
가온칩스,399720,KOSDAQ,500,11597320
가이아코퍼레이션,296520,KONEX,500,4667008
감성코퍼레이션,036620,KOSDAQ,500,91500000
강남제비스코,000860,KOSPI,500,13000000
강동씨앤엘,198440,KOSDAQ,100,60931896
강스템바이오텍,217730,KOSDAQ,500,56054149
강원랜드,035250,KOSPI,500,213940500
강원에너지,114190,KOSDAQ,500,26123038
갤럭시아머니트리,094480,KOSDAQ,500,39229838
갤럭시아에스엠,011420,KOSPI,500,27549644
경남스틸,039240,KOSDAQ,100,26979604
경남제약,053950,KOSDAQ,100,78147358
경농,002100,KOSPI,500,19522575
경동나비엔,009450,KOSPI,1000,14568592
경동도시가스,267290,KOSPI,2500,5895406
경동인베스트,012320,KOSPI,5000,2365023
경동제약,011040,KOSDAQ,500,30768766
경방,000050,KOSPI,500,27415270
경보제약,214390,KOSPI,500,23906860
경인양행,012610,KOSPI,500,41616365
경인전자,009140,KOSPI,5000,1570797
경창산업,024910,KOSDAQ,500,35819005
계룡건설,013580,KOSPI,5000,8930907
계양전기우,012205,KOSPI,500,1169079
계양전기,012200,KOSPI,500,27222829
고려산업,002140,KOSPI,1000,24939425
고려신용정보,049720,KOSDAQ,500,14300000
고려아연,010130,KOSPI,5000,20703283
고려제강,002240,KOSPI,1000,27000000
고려제약,014570,KOSDAQ,500,11000000
고바이오랩,348150,KOSDAQ,500,19418889
고스트스튜디오,950190,KOSDAQ,무액면,13017059
고영,098460,KOSDAQ,100,68654755
골드앤에스,035290,KOSDAQ,500,47676480
골프존,215000,KOSDAQ GLOBAL,500,6275415
골프존홀딩스,121440,KOSDAQ,500,42836818
공구우먼,366030,KOSDAQ,100,22653850
광동제약,009290,KOSPI,1000,52420851
광동헬스바이오,086220,KONEX,500,10573865
광림,014200,KOSDAQ,100,15117780
광명전기,017040,KOSPI,500,43337615
광무,029480,KOSDAQ,500,56300885
광전자,017900,KOSPI,500,57943763
광주신세계,037710,KOSPI,1000,7957190
광진실업,026910,KOSDAQ,500,6405405
교보13호스팩,440790,KOSDAQ,100,4050000
교보14호스팩,456490,KOSDAQ,100,4200000
교보15호스팩,465320,KOSDAQ,100,3810000
교보16호스팩,482520,KOSDAQ,100,6100000
교보17호스팩,489210,KOSDAQ,100,5180000
교보증권,030610,KOSPI,5000,113962961
교촌에프앤비,339770,KOSPI,500,49965080
구영테크,053270,KOSDAQ,500,27410405
국도화학,007690,KOSPI,5000,9260832
국보디자인,066620,KOSDAQ,500,7500000
국보,001140,KOSPI,500,15856388
국순당,043650,KOSDAQ,500,17858304
국영지앤엠,006050,KOSDAQ,500,34895243
국일신동,060480,KOSDAQ,500,11090000
국일제지,078130,KOSDAQ,100,1127405871
국전약품,307750,KOSDAQ,100,49966130
국제약품,002720,KOSPI,1000,21159832
그래디언트,035080,KOSDAQ,2500,13676598
GKL,114090,KOSPI,500,61855670
GRT,900290,KOSDAQ,무액면,80850000
그리드위즈,453450,KOSDAQ,200,7942750
그리티,204020,KOSDAQ,500,20147430
그린리소스,402490,KOSDAQ,500,8279444
그린생명과학,114450,KOSDAQ,500,20000000
그린케미칼,083420,KOSPI,500,24000000
그린플러스,186230,KOSDAQ,500,10920188
극동유화,014530,KOSPI,500,34869420
GST,083450,KOSDAQ,500,18430000
글로벌에스엠,900070,KOSDAQ,0.5,53743968
글로벌텍스프리,204620,KOSDAQ,500,70283330
글로본,019660,KOSDAQ,500,13944333
금강공업우,014285,KOSPI,1000,589875
금강공업,014280,KOSPI,1000,29329357
금강철강,053260,KOSDAQ,500,18720000
금비,008870,KOSPI,5000,1000000
금양그린파워,282720,KOSDAQ,500,12119500
금양,001570,KOSPI,500,63967196
금호건설우,002995,KOSPI,5000,292266
금호건설,002990,KOSPI,5000,36996760
금호석유화학우,011785,KOSPI,5000,3023486
금호석유화학,011780,KOSPI,5000,26459587
금호에이치티,214330,KOSPI,500,213914131
금호전기,001210,KOSPI,500,61553997
금호타이어,073240,KOSPI,5000,287260287
금화피에스시,036190,KOSDAQ,500,6000000
기가레인,049080,KOSDAQ,500,84883347
기가비스,420770,KOSDAQ,200,12675758
기산텔레콤,035460,KOSDAQ,500,14577340
기신정기,092440,KOSPI,500,29200000
기아,000270,KOSPI,5000,397672632
길교이앤씨,456700,KONEX,500,900000
까뮤이앤씨,013700,KOSPI,500,59750830
깨끗한나라우,004545,KOSPI,1000,366160
깨끗한나라,004540,KOSPI,1000,37240693
꿈비,407400,KOSDAQ,100,14395007
나노,187790,KOSDAQ,500,30840830
나노신소재,121600,KOSDAQ,500,12197878
나노실리칸첨단소재,286750,KOSDAQ,500,21513559
나노씨엠에스,247660,KOSDAQ,500,4343920
나노엔텍,039860,KOSDAQ,500,32110082
나노캠텍,091970,KOSDAQ,500,37417493
나노팀,417010,KOSDAQ,500,20161328
나눔테크,244880,KONEX,500,5020000
나라셀라,405920,KOSDAQ,5000,12878076
나라소프트,288490,KONEX,100,17471577
나라엠앤디,051490,KOSDAQ,500,14200000
나래나노텍,137080,KOSDAQ,500,11059422
나무가,190510,KOSDAQ,500,14684884
나무기술,242040,KOSDAQ,100,34606264
나우로보틱스,459510,KOSDAQ,500,12547732
나우IB,293580,KOSDAQ,500,94929950
나우코스,257990,KONEX,500,5891392
나이벡,138610,KOSDAQ,500,11032369
나이스디앤비,130580,KOSDAQ,500,15400000
나이스정보통신,036800,KOSDAQ,500,10000000
NICE평가정보,030190,KOSPI,500,59506593
나인테크,267320,KOSDAQ,100,53398327
남광토건,001260,KOSPI,5000,9832572
남선알미우,008355,KOSPI,500,307890
남선알미늄,008350,KOSPI,500,129079090
남성,004270,KOSPI,500,36212160
남양유업우,003925,KOSPI,500,2000000
남양유업,003920,KOSPI,500,6131346
남해화학,025860,KOSPI,1000,49678843
남화산업,111710,KOSDAQ,200,20588000
남화토건,091590,KOSDAQ,500,11740000
내츄럴엔도텍,168330,KOSDAQ,500,31754900
네오리진,094860,KOSDAQ,500,21399569
네오셈,253590,KOSDAQ,100,43869164
네오오토,212560,KOSDAQ,500,7874963
네오위즈,095660,KOSDAQ,500,21856816
네오위즈홀딩스,042420,KOSDAQ,500,8593846
네오이뮨텍,950220,KOSDAQ,0,98867465
네오크레마,311390,KOSDAQ,500,12653789
네오티스,085910,KOSDAQ,500,13934818
네오팜,092730,KOSDAQ,500,16027989
네오펙트,290660,KOSDAQ,500,46150126
네온테크,306620,KOSDAQ,100,43463871
네이블,153460,KOSDAQ,500,6530014
네이처셀,007390,KOSDAQ,500,64435056
네패스,033640,KOSDAQ,500,23059202
네패스아크,330860,KOSDAQ,500,12184045
넥사다이내믹스,351320,KOSDAQ,100,22015886
넥센우,005725,KOSPI,500,3600600
넥센,005720,KOSPI,500,53543977
넥센타이어1우B,002355,KOSPI,500,6500000
넥센타이어,002350,KOSPI,500,97667877
넥스턴바이오,089140,KOSDAQ,2500,12836984
넥스트바이오메디컬,389650,KOSDAQ,500,8126936
넥스트아이,137940,KOSDAQ,100,85368992
NEW,160550,KOSDAQ,500,27906106
넥스트칩,396270,KOSDAQ,500,18088940
넥스틴,348210,KOSDAQ GLOBAL,500,10477005
넥스틸,092790,KOSPI,500,26002000
넥슨게임즈,225570,KOSDAQ,500,65860174
넥써쓰,205500,KOSDAQ,500,58717699
넵튠,217270,KOSDAQ,500,46701643
넷마블,251270,KOSPI,100,85953502
노드메이슨,317860,KONEX,500,4513215
노랑풍선,104620,KOSDAQ,500,15842126
노루페인트우,090355,KOSPI,500,463126
노루페인트,090350,KOSPI,500,20000000
노루홀딩스우,000325,KOSPI,500,243559
노루홀딩스,000320,KOSPI,500,13291151
노머스,473980,KOSDAQ,500,10875617
노바렉스,194700,KOSDAQ,500,18754848
노바텍,285490,KOSDAQ,500,10575831
노브랜드,145170,KOSDAQ,500,16908405
노브메타파마,229500,KONEX,500,12125443
노블엠앤비,106520,KOSDAQ,1000,38695952
노을,376930,KOSDAQ,500,36947060
녹십자,006280,KOSPI,5000,11686538
녹십자엠에스,142280,KOSDAQ,500,21741926
녹십자웰빙,234690,KOSDAQ,500,17752276
녹십자홀딩스2우,005257,KOSPI,500,845990
녹십자홀딩스,005250,KOSPI,500,47028210
농심,004370,KOSPI,5000,6082642
농심홀딩스,072710,KOSPI,5000,4637790
아시아종묘,154030,KOSDAQ,500,12061867
농우바이오,054050,KOSDAQ,500,16030561
우듬지팜,403490,KOSDAQ,100,45212464
누리플랜,069140,KOSDAQ,500,13102743
누리플렉스,040160,KOSDAQ,500,12055535
누보,332290,KOSDAQ,100,33384803
뉴로메카,348340,KOSDAQ,500,11337587
뉴보텍,060260,KOSDAQ,500,13512009
뉴온,123840,KOSDAQ,1000,37154307
뉴인텍,012340,KOSDAQ,500,50907162
뉴트리,270870,KOSDAQ,500,9200224
뉴파워프라즈마,144960,KOSDAQ,100,43692624
뉴프렉스,085670,KOSDAQ,500,24450761
다날,064260,KOSDAQ,500,68949040
다보링크,340360,KOSDAQ,100,43951909
다산네트웍스,039560,KOSDAQ,500,39613981
다산솔루에타,154040,KOSDAQ,500,17950094
다스코,058730,KOSPI,500,18796941
다올투자증권,030210,KOSPI,5000,60911106
다우기술,023590,KOSPI,500,44866617
다우데이타,032190,KOSDAQ,500,38300000
다원넥스뷰,323350,KOSDAQ,100,8010772
다원시스,068240,KOSDAQ,500,38163437
다이나믹디자인,145210,KOSPI,500,35974774
달바글로벌,483650,KOSPI,100,12069665
닷밀,464580,KOSDAQ,500,9147948
대교,019680,KOSPI,500,84702850
대교우B,019685,KOSPI,500,19426990
대구백화점,006370,KOSPI,5000,10821611
대덕1우,00806K,KOSPI,500,1212357
대덕,008060,KOSPI,500,33890150
대덕전자,353200,KOSPI,500,49416925
대덕전자1우,35320K,KOSPI,500,2095519
대동고려삼,178600,KONEX,500,4449600
대동금속,020400,KOSDAQ,1000,3189166
대동기어,008830,KOSDAQ,500,8987520
대동,000490,KOSPI,1000,25654140
대동스틸,048470,KOSDAQ,500,10000000
대동전자,008110,KOSPI,500,10490447
대륙제관,004780,KOSDAQ,500,15903199
대림바스,005750,KOSPI,1000,16672240
대림제지,017650,KOSDAQ,500,9000000
대림통상,006570,KOSPI,1000,15225000
대명에너지,389260,KOSDAQ,100,17050000
대모,317850,KOSDAQ,500,8324420
대보마그네틱,290670,KOSDAQ,500,7857660
대봉엘에스,078140,KOSDAQ,500,11086579
대산F&B,065150,KOSDAQ,100,159382405
대상우,001685,KOSPI,1000,1370223
대상,001680,KOSPI,1000,34648025
대상홀딩스우,084695,KOSPI,1000,913482
대상홀딩스,084690,KOSPI,1000,36212538
대성미생물,036480,KOSDAQ,500,3800000
대성산업,128820,KOSPI,1000,45235478
대성에너지,117580,KOSPI,1000,27500000
대성창투,027830,KOSDAQ,500,54000000
대성파인텍,104040,KOSDAQ,100,47224987
대성하이텍,129920,KOSDAQ,100,13715053
대성홀딩스,016710,KOSPI,1000,16089459
대신밸런스제14호스팩,442310,KOSDAQ,100,6710000
대신밸런스제16호스팩,457630,KOSDAQ,100,7310000
대신밸런스제17호스팩,471050,KOSDAQ,100,6060000
대신밸런스제18호스팩,478780,KOSDAQ,100,7910000
대신밸런스제19호스팩,482690,KOSDAQ,100,5615000
대신정보통신,020180,KOSDAQ,500,38428915
대신증권우,003545,KOSPI,5000,26000000
대신증권2우B,003547,KOSPI,5000,10000000
대신증권,003540,KOSPI,5000,50773400
대아티아이,045390,KOSDAQ,100,70473377
대양금속,009190,KOSPI,500,42359986
대양전기공업,108380,KOSDAQ,500,9567333
대영포장,014160,KOSPI,500,108394549
대우건설,047040,KOSPI,5000,415622638
대웅,003090,KOSPI,500,58141980
대웅제약,069620,KOSPI,2500,11586575
대원,007680,KOSDAQ,500,13446474
대원강업,000430,KOSPI,500,62000000
대원미디어,048910,KOSDAQ,500,12578946
대원산업,005710,KOSDAQ,500,20037600
대원전선우,006345,KOSPI,500,2621200
대원전선,006340,KOSPI,500,74979175
대원제약,003220,KOSPI,500,22427583
대원화성,024890,KOSPI,500,41249152
대유,290380,KOSDAQ,500,24713612
대유에이텍,002880,KOSPI,500,46744020
대정화금,120240,KOSDAQ,500,7190391
대주산업,003310,KOSDAQ,500,35392350
대주이엔티,114920,KONEX,500,3469500
대주전자재료,078600,KOSDAQ,500,15480593
대진첨단소재,393970,KOSDAQ,500,14796820
대창단조,015230,KOSPI,500,28572230
대창,012800,KOSPI,500,91140499
대창솔루션,096350,KOSDAQ,100,163761009
대창스틸,140520,KOSDAQ,500,21109243
대한과학,131220,KOSDAQ,500,7454490
대한광통신,010170,KOSDAQ,500,109511166
대한뉴팜,054670,KOSDAQ,500,14354920
대한방직,001070,KOSPI,1000,5300000
대한약품,023910,KOSDAQ,500,6000000
대한유화,006650,KOSPI,5000,6500000
대한전선,001440,KOSPI,1000,186447300
대한제강,084010,KOSPI,1000,23414397
대한제당우,001795,KOSPI,500,6482760
대한제당,001790,KOSPI,500,89696580
대한제분,001130,KOSPI,5000,1690000
대한항공우,003495,KOSPI,5000,1110794
대한항공,003490,KOSPI,5000,368220661
대한해운,005880,KOSPI,500,321209950
대한화섬,003830,KOSPI,5000,1328000
대현,016090,KOSPI,500,44282310
대호에이엘,069460,KOSPI,500,67834027
대호특수강,021040,KOSDAQ,2500,21704774
대호특수강우,021045,KOSDAQ,2500,848492
대화제약,067080,KOSDAQ,500,18616650
더테크놀로지,043090,KOSDAQ,500,12418275
더네이쳐홀딩스,298540,KOSDAQ,500,14848256
더라미,032860,KOSDAQ,500,40395863
더바이오메드,214610,KOSDAQ,500,5150564
더본코리아,475560,KOSPI,500,14737260
더블유게임즈,192080,KOSPI,500,21495906
더블유씨피,393890,KOSDAQ GLOBAL,500,33843144
더블유에스아이,299170,KOSDAQ,100,30027963
THE E&M,089230,KOSDAQ,1000,24332953
더존비즈온,012510,KOSPI,500,30382784
더즌,462860,KOSDAQ,100,71413257
더코디,224060,KOSDAQ,500,5160722
더콘텐츠온,302920,KONEX,500,4552359
덕산네오룩스,213420,KOSDAQ GLOBAL,200,24831179
덕산테코피아,317330,KOSDAQ,500,20476584
덕산하이메탈,077360,KOSDAQ,200,45437002
덕성우,004835,KOSPI,500,1392000
덕성,004830,KOSPI,500,15680000
덕신이피씨,090410,KOSDAQ,100,46084095
덕우전자,263600,KOSDAQ,500,15930310
데브시스터즈,194480,KOSDAQ,500,12203150
데이원컴퍼니,373160,KOSDAQ,500,13763530
데이타솔루션,263800,KOSDAQ,500,16219380
데이터스트림즈,199150,KONEX,500,4268613
덱스터,206560,KOSDAQ,500,25411736
덴티스,261200,KOSDAQ,500,15809700
덴티움,145720,KOSPI,500,11068830
도부,227420,KONEX,500,38044510
도이치모터스,067990,KOSDAQ,500,29181550
도화엔지니어링,002150,KOSPI,500,33720000
동구바이오제약,006620,KOSDAQ,500,28464992
동국산업,005160,KOSDAQ,1000,54244482
동국생명과학,303810,KOSDAQ,500,15992070
동국씨엠,460850,KOSPI,5000,29898656
동국알앤에스,075970,KOSDAQ,1000,18400000
동국S&C,100130,KOSDAQ,500,57143000
동국제강,460860,KOSPI,5000,49608017
동국제약,086450,KOSDAQ GLOBAL,500,44883735
동국홀딩스,001230,KOSPI,5000,31800483
동방메디컬,240550,KOSDAQ,500,20774940
동방,004140,KOSPI,1000,47971766
동방선기,099410,KOSDAQ,500,14000000
동방아그로,007590,KOSPI,500,13617577
동부건설우,005965,KOSPI,5000,225732
동부건설,005960,KOSPI,5000,22946663
동서,026960,KOSPI,500,99700000
동성제약,002210,KOSPI,1000,26619507
동성케미컬,102260,KOSPI,1000,50176791
동성화인텍,033500,KOSDAQ,500,29989494
동신건설,025950,KOSDAQ,500,8400000
동아쏘시오홀딩스,000640,KOSPI,5000,6536434
동아에스티,170900,KOSPI,5000,9352645
동아엘텍,088130,KOSDAQ,500,17485314
동아지질,028100,KOSPI,500,13389502
동아화성,041930,KOSDAQ,500,15800000
동양우,001525,KOSPI,500,617731
동양2우B,001527,KOSPI,500,308569
동양고속,084670,KOSPI,5000,2895569
동양,001520,KOSPI,500,238684063
동양생명,082640,KOSPI,5000,161358585
동양에스텍,060380,KOSDAQ,500,19700000
동양이엔피,079960,KOSDAQ,500,7860000
동양철관,008970,KOSPI,500,159323019
동양파일,228340,KOSDAQ,500,20000000
동우팜투테이블,088910,KOSDAQ,500,25831764
동운아나텍,094170,KOSDAQ,500,20909936
동원F&B,049770,KOSPI,1000,19295620
동원개발,013120,KOSDAQ,500,90808100
동원금속,018500,KOSPI,500,46754933
동원산업,006040,KOSPI,1000,39624084
동원수산,030720,KOSPI,5000,4653805
동원시스템즈우,014825,KOSPI,5000,264111
동원시스템즈,014820,KOSPI,5000,28991282
동인기연,111380,KOSPI,100,6128000
동일고무벨트,163560,KOSPI,500,13900000
동일금속,109860,KOSDAQ,500,9100000
동일기연,032960,KOSDAQ,500,4118595
동일산업,004890,KOSPI,5000,2425215
동일스틸럭스,023790,KOSDAQ,500,21177909
동일제강,002690,KOSPI,500,20300360
동진쎄미켐,005290,KOSDAQ,500,51414494
동화기업,025900,KOSDAQ,200,50557285
동화약품,000020,KOSPI,1000,27931470
두산우,000155,KOSPI,5000,3996462
두산2우B,000157,KOSPI,5000,893038
두산로보틱스,454910,KOSPI,500,64819980
두산밥캣,241560,KOSPI,500,95856065
두산,000150,KOSPI,5000,16523835
두산에너빌리티,034020,KOSPI,5000,640561146
두산테스나,131970,KOSDAQ GLOBAL,500,19327238
두산퓨얼셀1우,33626K,KOSPI,100,13364200
두산퓨얼셀2우B,33626L,KOSPI,100,2986300
두산퓨얼셀,336260,KOSPI,100,65493726
두올,016740,KOSPI,2500,31304984
듀오백,073190,KOSDAQ,500,11968040
듀켐바이오,176750,KOSDAQ,500,28455220
드래곤플라이,030350,KOSDAQ,500,13877794
드림시큐리티,203650,KOSDAQ,100,50605754
드림씨아이에스,223250,KOSDAQ,500,23799324
드림어스컴퍼니,060570,KOSDAQ,500,75621573
드림인사이트,362990,KOSDAQ,100,16800574
드림텍,192650,KOSPI,100,68890041
디모아,016670,KOSDAQ,500,4941846
디바이스,187870,KOSDAQ,500,7036609
DB금융스팩12호,477760,KOSDAQ,100,5840000
디비금융제13호스팩,489730,KOSDAQ,100,6332000
디씨엠,024090,KOSPI,500,11400000
디아이,003160,KOSPI,500,28300000
디아이씨,092200,KOSPI,500,38888569
디아이티,110990,KOSDAQ,100,18900000
DRB동일,004840,KOSPI,500,19930000
디알젬,263690,KOSDAQ,500,11325610
디알텍,214680,KOSDAQ,100,74015254
디앤디파마텍,347850,KOSDAQ,500,10747301
디앤디플랫폼리츠,377190,KOSPI,1000,88400000
디앤씨미디어,263720,KOSDAQ,500,12524473
디어유,376300,KOSDAQ,500,23738406
DSC인베스트먼트,241520,KOSDAQ,500,27000000
디에스케이,109740,KOSDAQ,500,25710390
디에이치엑스컴퍼니,031860,KOSDAQ,500,17172021
DH오토넥스,000300,KOSPI,500,82129188
DH오토리드,290120,KOSDAQ,500,15515138
DH오토웨어,025440,KOSDAQ,500,48781224
디에이테크놀로지,196490,KOSDAQ,500,178549360
디에이피,066900,KOSDAQ,500,22744503
DXVX,180400,KOSDAQ,500,49219432
디엔에프,092070,KOSDAQ,500,11571858
DN오토모티브,007340,KOSPI,100,58510865
DMS,068790,KOSDAQ,500,23687123
디오,039840,KOSDAQ,500,14981755
디와이덕양,024900,KOSPI,500,32564980
디와이디,219550,KOSDAQ,500,125092953
디와이,013570,KOSPI,500,26319633
디와이씨,310870,KOSDAQ,100,20687271
디와이파워,210540,KOSPI,500,11041708
DYP,092780,KOSPI,500,13168460
디와이피엔에프,104460,KOSDAQ,500,10713625
디이엔티,079810,KOSDAQ,500,22028094
디젠스,113810,KOSDAQ,500,32628051
디지아이,043360,KOSDAQ,500,9000000
DGI,099520,KOSDAQ,500,45281824
디지캡,197140,KOSDAQ,500,13013154
디지털대성,068930,KOSDAQ,500,27675342
디지틀조선,033130,KOSDAQ,500,37115267
DGP,060900,KOSDAQ,1000,26124029
디케이락,105740,KOSDAQ,500,10168513
디케이앤디,263020,KOSDAQ,500,14499831
DKME,015590,KOSPI,500,236981544
디케이티,290550,KOSDAQ,500,20001230
디티씨,066670,KOSDAQ,500,18691918
디티앤씨,187220,KOSDAQ,500,11698021
디티앤씨알오,383930,KOSDAQ,500,12784128
딜리,131180,KOSDAQ,100,29350000
딥노이드,315640,KOSDAQ,500,22442268
딥마인드,223310,KOSDAQ,100,22839375
라닉스,317120,KOSDAQ,500,9660000
라메디텍,462510,KOSDAQ,500,8770965
라온시큐어,042510,KOSDAQ,2500,11205174
라온테크,232680,KOSDAQ,500,12534234
라온텍,418420,KOSDAQ,100,30337558
라온피플,300120,KOSDAQ,500,20860012
라이온켐텍,171120,KOSDAQ,500,35901760
라이콤,388790,KOSDAQ,100,30590343
라파스,214260,KOSDAQ,500,8922463
라피치,403360,KONEX,500,3449454
램테크놀러지,171010,KOSDAQ,500,14298752
랩지노믹스,084650,KOSDAQ,500,74239990
러셀,217500,KOSDAQ,100,31812000
럭스피아,092590,KONEX,500,7291098
레드캡투어,038390,KOSDAQ,500,16720822
레몬,294140,KOSDAQ,500,21000000
레뷰코퍼레이션,443250,KOSDAQ,500,11115260
레이,228670,KOSDAQ,500,15513053
레이언스,228850,KOSDAQ,500,16591014
레이저쎌,412350,KOSDAQ,500,8726972
레이저옵텍,199550,KOSDAQ,500,12044791
레이크머티리얼즈,281740,KOSDAQ,100,65730548
레인보우로보틱스,277810,KOSDAQ,500,19399858
로보로보,215100,KOSDAQ,100,20348454
로보스타,090360,KOSDAQ,500,9750000
로보쓰리에이아이,238500,KONEX,200,42018262
로보티즈,108490,KOSDAQ,500,13212660
로스웰,900260,KOSDAQ,무액면,36031288
로지스몬,223220,KONEX,100,46051176
로지시스,067730,KOSDAQ,500,9673922
로체시스템즈,071280,KOSDAQ,500,15296603
로킷헬스케어,376900,KOSDAQ,500,15417639
롯데관광개발,032350,KOSPI,500,76211829
롯데렌탈,089860,KOSPI,5000,36309388
롯데리츠,330590,KOSPI,500,288968884
롯데손해보험,000400,KOSPI,1000,310336320
롯데쇼핑,023530,KOSPI,5000,28288755
롯데에너지머티리얼즈,020150,KOSPI,500,52365463
롯데웰푸드,280360,KOSPI,500,9304574
롯데이노베이트,286940,KOSPI,5000,15129367
롯데정밀화학,004000,KOSPI,5000,25800000
롯데지주우,00499K,KOSPI,200,805603
롯데지주,004990,KOSPI,200,104909237
롯데칠성우,005305,KOSPI,500,775310
롯데칠성,005300,KOSPI,500,9278884
롯데케미칼,011170,KOSPI,5000,42775419
롯데하이마트,071840,KOSPI,5000,23607712
루닛,328130,KOSDAQ,500,29149918
루멘스,038060,KOSDAQ,500,48103069
루미르,474170,KOSDAQ,500,17727696
루켄테크놀러지스,162120,KONEX,500,11156602
루트락,253610,KONEX,500,10185410
리가켐바이오,141080,KOSDAQ GLOBAL,500,36610338
리노공업,058470,KOSDAQ GLOBAL,100,76211850
리더스코스메틱,016100,KOSDAQ,500,19100894
리드코프,012700,KOSDAQ,500,26446135
리메드,302550,KOSDAQ,100,31209712
리튬포어스,073570,KOSDAQ,500,48971452
리파인,377450,KOSDAQ,100,17330000
린드먼아시아,277070,KOSDAQ,500,13692000
링네트,042500,KOSDAQ,500,19070134
링크드,193250,KOSDAQ,100,63323377
링크제니시스,219420,KOSDAQ,100,11469507
마녀공장,439090,KOSDAQ,100,16378260
마니커,027740,KOSPI,500,63511228
마니커에프앤지,195500,KOSDAQ,500,15978000
마스턴프리미어리츠,357430,KOSPI,1000,30505307
마음AI,377480,KOSDAQ,500,6971073
마이크로디지탈,305090,KOSDAQ,500,18014903
마이크로엔엑스,448780,KONEX,500,2677680
마이크로투나노,424980,KOSDAQ,500,5918890
엠브레인,169330,KOSDAQ,500,18256918
마크로젠,038290,KOSDAQ,500,10841400
만호제강,001080,KOSPI,1000,4150000
매일유업,267980,KOSDAQ,500,7843638
매일홀딩스,005990,KOSDAQ,500,13718304
매커스,093520,KOSDAQ,500,16163092
맥쿼리인프라,088980,KOSPI,무액면,478921993
머니무브,179720,KONEX,500,2387579
머큐리,100590,KOSDAQ,500,15830023
멀티캠퍼스,067280,KOSDAQ,500,5926779
메가스터디,072870,KOSDAQ,500,11920959
메가스터디교육,215200,KOSDAQ GLOBAL,100,10770887
메가엠디,133750,KOSDAQ,500,23407077
메가터치,446540,KOSDAQ,500,20771000
메드팩토,235980,KOSDAQ,500,34275121
메디쎄이,200580,KONEX,500,3726079
메디아나,041920,KOSDAQ,500,18598223
메디안디노스틱,233250,KONEX,500,1746534
메디앙스,014100,KOSDAQ,500,11800000
메디젠휴먼케어,236340,KONEX,500,3014647
메디콕스,054180,KOSDAQ,500,82878283
메디톡스,086900,KOSDAQ,500,7298497
메디포스트,078160,KOSDAQ,500,34217785
메리츠금융지주,138040,KOSPI,500,180014473
메쎄이상,408920,KOSDAQ,100,43232455
메이슨캐피탈,021880,KOSDAQ,500,152184408
메지온,140410,KOSDAQ,500,30007340
메카로,241770,KOSDAQ,500,10192640
메타랩스,090370,KOSPI,2500,24904689
메타바이오메드,059210,KOSDAQ,500,27260279
메타케어,118000,KOSPI,500,164777364
멕아이씨에스,058110,KOSDAQ,500,16050530
명문제약,017180,KOSPI,500,33953454
명신산업,009900,KOSPI,500,52470133
모나리자,012690,KOSPI,500,36571255
모나미,005360,KOSPI,1000,18897307
모나용평,070960,KOSPI,5000,48133333
모니터랩,434480,KOSDAQ,100,12310300
모다이노칩,080420,KOSDAQ,500,79721622
모델솔루션,417970,KOSDAQ,500,6396700
모두투어,080160,KOSDAQ,500,18900000
모바일어플라이언스,087260,KOSDAQ,500,32552861
모베이스,101330,KOSDAQ,500,23147029
모베이스전자,012860,KOSDAQ,500,73233457
모비데이즈,363260,KOSDAQ,500,32163769
모비릭스,348030,KOSDAQ,100,9603800
모비스,250060,KOSDAQ,100,32171314
모아데이타,288980,KOSDAQ,500,34556562
모아라이프플러스,142760,KOSDAQ,500,37734811
모아텍,033200,KOSDAQ,500,14331185
모코엠시스,333050,KOSDAQ,100,24613326
모토닉,009680,KOSPI,500,28050000
모트렉스,118990,KOSDAQ,500,24861990
모티브링크,463480,KOSDAQ,200,12390358
모헨즈,006920,KOSDAQ,500,10920000
무림SP,001810,KOSDAQ,500,22137500
무림페이퍼,009200,KOSPI,2500,41609310
무림P&P,009580,KOSPI,2500,62368324
무진메디,322970,KONEX,500,10051978
무학,033920,KOSPI,200,28500000
문배철강,008420,KOSPI,500,20503505
미디어젠,279600,KOSDAQ,500,4684781
미래나노텍,095500,KOSDAQ,500,31009999
미래반도체,254490,KOSDAQ,100,14438000
미래산업,025560,KOSPI,500,71722474
미래생명자원,218150,KOSDAQ,100,20415802
미래아이앤지,007120,KOSPI,500,28878608
미래에셋글로벌리츠,396690,KOSPI,1000,39605940
미래에셋드림스팩1호,442900,KOSDAQ,500,7680000
미래에셋맵스리츠,357250,KOSPI,1000,24995105
맵스리얼티1,094800,KOSPI,무액면,92834331
미래에셋벤처투자,100790,KOSDAQ,1000,53124634
미래에셋비전스팩2호,446190,KOSDAQ,100,4950000
미래에셋비전스팩3호,448830,KOSDAQ,100,4920000
미래에셋비전스팩4호,477380,KOSDAQ,100,8100000
미래에셋비전스팩5호,477470,KOSDAQ,100,5480000
미래에셋비전스팩6호,478440,KOSDAQ,100,6930000
미래에셋비전스팩7호,482680,KOSDAQ,100,8215000
미래에셋생명,085620,KOSPI,5000,177016189
미래에셋증권우,006805,KOSPI,5000,14075750
미래에셋증권2우B,00680K,KOSPI,5000,137500000
미래에셋증권,006800,KOSPI,5000,570316408
미래엔에듀파트너,208890,KONEX,1000,4005520
미래컴퍼니,049950,KOSDAQ,500,8817884
미스터블루,207760,KOSDAQ,100,83079783
미스토홀딩스,081660,KOSPI,1000,60095839
미원상사,002840,KOSPI,500,4750000
미원에스씨,268280,KOSPI,500,5000000
미원홀딩스,107590,KOSPI,500,2320000
미원화학,134380,KOSPI,1000,2199268
미쥬,351020,KONEX,100,2075000
미창석유,003650,KOSPI,5000,1739672
미코,059090,KOSDAQ,500,33416778
미투온,201490,KOSDAQ,500,30390092
미트박스,475460,KOSDAQ,100,5587025
민테크,452200,KOSDAQ,100,22162300
바디텍메드,206640,KOSDAQ,1000,23486560
바른손,018700,KOSDAQ,1000,35119757
바른손이앤에이,035620,KOSDAQ,500,74439675
바스칸바이오제약,354390,KONEX,2500,7018247
바이넥스,053030,KOSDAQ,500,32684188
바이브컴퍼니,301300,KOSDAQ,500,13109619
바이오노트,377740,KOSPI,500,102056048
바이오니아,064550,KOSDAQ,500,25810291
바이오다인,314930,KOSDAQ,500,29764103
바이오비쥬,489460,KOSDAQ,500,15044430
바이오솔루션,086820,KOSDAQ,500,8163426
바이오스마트,038460,KOSDAQ,500,26164438
바이오에프디엔씨,251120,KOSDAQ,500,8695700
바이오인프라,199730,KOSDAQ,500,4864367
바이오인프라생명과학,266470,KONEX,500,27866019
바이오텐,289170,KONEX,500,3576689
바이오톡스텍,086040,KOSDAQ,500,15958247
바이오포트,188040,KOSDAQ,200,4428863
바이오프로테크,199290,KONEX,500,16325192
바이오플러스,099430,KOSDAQ,500,60499659
바이온,032980,KOSDAQ,500,44777990
바이젠셀,308080,KOSDAQ,500,20449100
바텍,043150,KOSDAQ,500,14854256
박셀바이오,323990,KOSDAQ,500,23257345
방림,003610,KOSPI,500,40202158
배럴,267790,KOSDAQ,500,7888500
백금T&A,046310,KOSDAQ,500,16418641
백산,035150,KOSPI,500,21250000
밸로프,331520,KOSDAQ,100,50864390
뱅크웨어글로벌,199480,KOSDAQ,500,10101638
버넥트,438700,KOSDAQ,500,11144890
버킷스튜디오,066410,KOSDAQ,500,86444648
범양건영,002410,KOSPI,1000,27479820
범한퓨얼셀,382900,KOSDAQ,500,8761000
베노티앤알,206400,KOSDAQ,500,37510158
베뉴지,019010,KOSDAQ,500,48200000
베셀,177350,KOSDAQ,500,19653767
벡트,457600,KOSDAQ,100,13707500
벨로크,424760,KOSDAQ,100,19665002
벽산,007210,KOSPI,500,66860000
보광산업,225530,KOSDAQ,500,36338727
보라티알,250000,KOSDAQ,500,6750733
보락,002760,KOSPI,200,59900000
보령,003850,KOSPI,500,85787207
보로노이,310210,KOSDAQ,500,18388449
보성파워텍,006910,KOSDAQ,500,49129824
보해양조,000890,KOSPI,500,139120129
본느,226340,KOSDAQ,100,41952420
볼빅,206950,KONEX,500,14077265
부스타,008470,KOSDAQ,500,8404800
부광약품,003000,KOSPI,500,68454671
부국증권우,001275,KOSPI,5000,3000000
부국증권,001270,KOSPI,5000,10369886
부국철강,026940,KOSPI,500,20000000
부방,014470,KOSDAQ,500,60052260
부산산업,011390,KOSPI,5000,1056000
부산주공,005030,KOSPI,500,78782988
뷰노,338220,KOSDAQ,100,14001823
뷰웍스,100120,KOSDAQ,500,9750000
뷰티스킨,406820,KOSDAQ,500,3534040
브레인즈컴퍼니,099390,KOSDAQ,500,8208283
브리지텍,064480,KOSDAQ,500,11952500
브릿지바이오테라퓨틱스,288330,KOSDAQ,500,52193304
브이씨,365900,KOSDAQ,500,7310300
브이엠,089970,KOSDAQ,100,24075595
브이원텍,251630,KOSDAQ,500,15942886
브이티,018290,KOSDAQ,500,35798007
블랙야크아이앤씨,478560,KOSDAQ,100,24292555
블루엠텍,439580,KOSDAQ,100,33510663
블루콤,033560,KOSDAQ,500,17100000
블루탑,191600,KONEX,500,2850000
블리츠웨이엔터테인먼트,369370,KOSDAQ,100,49871911
비나텍,126340,KOSDAQ,500,6372438
비덴트,121800,KOSDAQ,500,77201611
비보존 제약,082800,KOSDAQ,2500,50104666
비비씨,318410,KOSDAQ,500,5555243
비비안,002070,KOSPI,500,31123777
비상교육,100220,KOSPI,500,12996741
비스토스,419540,KOSDAQ,100,22992511
비씨엔씨,146320,KOSDAQ,500,12797923
비씨월드제약,200780,KOSDAQ,200,9736240
비아이매트릭스,413640,KOSDAQ,500,7206940
비아트론,141000,KOSDAQ,500,12114710
비에이치,090460,KOSPI,500,34464379
비에이치아이,083650,KOSDAQ,500,30944375
BF랩스,139050,KOSDAQ,500,8644551
비엔케이제1호스팩,445360,KOSDAQ,100,4310000
비엔케이제2호스팩,473370,KOSDAQ,100,4210000
비엘팜텍,065170,KOSDAQ,500,26683025
비엠티,086670,KOSDAQ,500,9125174
비올,335890,KOSDAQ,100,58419125
비유테크놀러지,230980,KOSDAQ,100,93320557
BGF에코머티리얼즈,126600,KOSDAQ,500,62766899
비츠로셀,082920,KOSDAQ,500,22872213
비츠로시스,054220,KOSDAQ,500,59953081
비츠로테크,042370,KOSDAQ,500,26200025
비케이홀딩스,050090,KOSDAQ,500,19784735
비큐AI,148780,KOSDAQ,500,31445725
비투엔,307870,KOSDAQ,100,50805834
비트맥스,377030,KOSDAQ,500,37231222
비트컴퓨터,032850,KOSDAQ,500,16623293
비피도,238200,KOSDAQ,500,8180000
빅솔론,093190,KOSDAQ,500,19238905
빅텍,065450,KOSDAQ,200,28652800
빌리언스,044480,KOSDAQ,500,40663728
빙그레,005180,KOSPI,5000,9555703
빛과전자,069540,KOSDAQ,500,46121066
빛샘전자,072950,KOSDAQ,500,8052610
뿌리깊은나무들,266170,KONEX,500,7338267
삐아,451250,KOSDAQ,500,10089877
사람인,143240,KOSDAQ,500,11709263
사이냅소프트,466410,KOSDAQ,500,5037023
사조대림,003960,KOSPI,5000,9164467
사조동아원,008040,KOSPI,500,141144600
사조산업,007160,KOSPI,5000,5000000
사조씨푸드,014710,KOSPI,1000,17218543
사조오양,006090,KOSPI,5000,9422739
사피엔반도체,452430,KOSDAQ,100,8213171
산돌,419120,KOSDAQ,500,7774326
산일전기,062040,KOSPI,500,30445200
삼기,122350,KOSDAQ,100,38339428
삼기에너지솔루션즈,419050,KOSDAQ,100,57196240
삼륭물산,014970,KOSDAQ,500,15125000
삼목에스폼,018310,KOSDAQ,500,14700000
삼미금속,012210,KONEX,1000,19766609
삼보모터스,053700,KOSDAQ,500,22877190
삼보산업,009620,KOSDAQ,100,16386091
삼보판지,023600,KOSDAQ,500,16170000
삼부토건,001470,KOSPI,1000,229681824
삼성E&A,028050,KOSPI,5000,196000000
삼성FN리츠,448730,KOSPI,500,91050000
삼성SDI우,006405,KOSPI,5000,1617896
삼성SDI,006400,KOSPI,5000,68764530
삼성공조,006660,KOSPI,500,8126314
삼성스팩8호,448740,KOSDAQ,500,4664000
삼성스팩9호,468510,KOSDAQ,100,11050000
삼성물산우B,02826K,KOSPI,100,1467590
삼성물산,028260,KOSPI,100,169976544
삼성바이오로직스,207940,KOSPI,2500,71174000
삼성생명,032830,KOSPI,500,200000000
삼성에스디에스,018260,KOSPI,500,77377800
삼성전기우,009155,KOSPI,5000,2906984
삼성전기,009150,KOSPI,5000,74693696
삼성전자우,005935,KOSPI,100,815974664
삼성전자,005930,KOSPI,100,5919637922
삼성제약,001360,KOSPI,500,94162079
삼성중공업,010140,KOSPI,1000,880000000
삼성증권,016360,KOSPI,5000,89300000
삼성출판사,068290,KOSPI,500,10000000
삼성카드,029780,KOSPI,5000,115858891
삼성화재우,000815,KOSPI,500,3099510
삼성화재,000810,KOSPI,500,46011155
삼아알미늄,006110,KOSPI,500,14711916
삼아제약,009300,KOSDAQ,1000,6370000
삼양사우,145995,KOSPI,5000,370070
삼양사,145990,KOSPI,5000,10313449
삼양식품,003230,KOSPI,5000,7533015
삼양엔씨켐,482630,KOSDAQ,500,10866140
삼양케이씨아이,036670,KOSDAQ,500,11270000
삼양통상,002170,KOSPI,5000,3000000
삼양패키징,272550,KOSPI,5000,15330971
삼양홀딩스우,000075,KOSPI,5000,178567
삼양홀딩스,000070,KOSPI,5000,8689762
3S,060310,KOSDAQ,500,53059040
삼영무역,002810,KOSPI,500,18466948
삼영,003720,KOSPI,500,34000000
삼영에스앤씨,361670,KOSDAQ,500,5667658
삼영엠텍,054540,KOSDAQ,500,13000000
삼영이엔씨,065570,KOSDAQ,500,16093838
삼영전자,005680,KOSPI,500,20000000
삼원강재,023000,KOSPI,500,40000000
삼익THK,004380,KOSPI,500,21000000
삼익악기,002450,KOSPI,500,90530915
삼일,032280,KOSDAQ,1000,16213590
삼일기업공사,002290,KOSDAQ,500,12400000
삼일씨엔에스,004440,KOSPI,1000,12731947
삼일제약,000520,KOSPI,500,21691811
삼정펄프,009770,KOSPI,5000,2499971
삼지전자,037460,KOSDAQ,500,16318522
삼진,032750,KOSDAQ,500,9031122
삼진엘앤디,054090,KOSDAQ,500,24959232
삼진제약,005500,KOSPI,1000,13900000
삼천당제약,000250,KOSDAQ,500,23457472
삼천리,004690,KOSPI,5000,4055025
삼천리자전거,024950,KOSDAQ,500,13273577
삼표시멘트,038500,KOSDAQ,500,107916306
삼현,437730,KOSDAQ,500,31707567
삼현철강,017480,KOSDAQ,500,15702890
삼호개발,010960,KOSPI,500,25000000
삼화네트웍스,046390,KOSDAQ,200,43172933
삼화왕관,004450,KOSPI,5000,2154379
삼화전기,009470,KOSPI,1000,6613820
삼화전자,011230,KOSPI,1000,16902700
삼화콘덴서,001820,KOSPI,1000,10395000
삼화페인트,000390,KOSPI,500,27203469
상보,027580,KOSDAQ,500,59181279
상상인,038540,KOSDAQ,1000,55328313
상상인제4호스팩,452670,KOSDAQ,100,5220000
상상인증권,001290,KOSPI,1000,108337120
상신브레이크,041650,KOSPI,500,21471450
상신이디피,091580,KOSDAQ,500,13328219
상신전자,263810,KOSDAQ,500,14244718
상아프론테크,089980,KOSDAQ,500,15989037
상지건설,042940,KOSDAQ,5000,6828712
새로닉스,042600,KOSDAQ,500,12423574
새론오토모티브,075180,KOSPI,500,19200000
새빗켐,107600,KOSDAQ,500,5630054
샌즈랩,411080,KOSDAQ,100,15267638
샘씨엔에스,252990,KOSDAQ,500,58388063
샘표,007540,KOSPI,1000,2875800
샘표식품,248170,KOSPI,500,4568286
샤페론,378800,KOSDAQ,500,30143031
서남,294630,KOSDAQ,500,24144099
서린바이오,038070,KOSDAQ,500,9100676
서부T&D,006730,KOSDAQ,500,65926923
서산,079650,KOSDAQ,100,20000000
서암기계공업,100660,KOSDAQ,500,12600000
서연,007860,KOSPI,500,23479844
서연이화,200880,KOSPI,500,27028437
서연탑메탈,019770,KOSDAQ,500,11650000
서울가스,017390,KOSPI,5000,5000000
서울리거,043710,KOSDAQ,500,86562510
서울바이오시스,092190,KOSDAQ,500,45868383
서울반도체,046890,KOSDAQ GLOBAL,500,58305400
서울보증보험,031210,KOSPI,2500,69821598
서울식품우,004415,KOSPI,100,2224500
서울식품,004410,KOSPI,100,374755559
서울옥션,063170,KOSDAQ,500,17774267
서울전자통신,027040,KOSDAQ,100,69588847
서울제약,018680,KOSDAQ,500,11659319
서울평가정보,036120,KOSDAQ,500,35500000
서원,021050,KOSPI,500,47474590
서원인텍,093920,KOSDAQ,500,18600000
서전기전,189860,KOSDAQ,500,9698780
서진시스템,178320,KOSDAQ,500,56247954
서진오토모티브,122690,KOSDAQ,500,21844410
서플러스글로벌,140070,KOSDAQ,100,36988000
서한,011370,KOSDAQ,500,100894865
서호전기,065710,KOSDAQ,500,5150000
서흥,008490,KOSPI,500,11569113
서희건설,035890,KOSDAQ,500,229808457
석경에이티,357550,KOSDAQ,500,5455000
선광,003100,KOSDAQ,1000,6600000
선도전기,007610,KOSPI,500,18000000
선바이오,067370,KOSDAQ,500,12313555
선샤인푸드,217620,KOSDAQ,100,7035087
SUN&L,002820,KOSPI,1000,12607989
선익시스템,171090,KOSDAQ,500,9537005
선진,136490,KOSPI,500,23779604
선진뷰티사이언스,086710,KOSDAQ,500,12203280
성광벤드,014620,KOSDAQ,500,27928547
성도이엔지,037350,KOSDAQ,500,15470000
성문전자우,014915,KOSPI,500,600000
성문전자,014910,KOSPI,500,22460985
성신양회우,004985,KOSPI,5000,735645
성신양회,004980,KOSPI,5000,24516073
성안머티리얼스,011300,KOSPI,100,155617675
성우,458650,KOSDAQ,500,15045670
성우전자,081580,KOSDAQ,500,15508143
성우테크론,045300,KOSDAQ,500,10347365
성우하이텍,015750,KOSDAQ,500,80000000
성일하이텍,365340,KOSDAQ,500,12176475
성창기업지주,000180,KOSPI,500,69751600
성창오토텍,080470,KOSDAQ,500,7300000
성호전자,043260,KOSDAQ,500,70922823
세경하이테크,148150,KOSDAQ,500,35860429
세기상사,002420,KOSPI,500,5969948
세니젠,188260,KOSDAQ,500,7228470
세동,053060,KOSDAQ,500,17657419
세림B&G,340440,KOSDAQ,100,28378364
세명전기,017510,KOSDAQ,500,15246000
세방우,004365,KOSPI,500,3689250
세방,004360,KOSPI,500,19308690
세방전지,004490,KOSPI,500,14000000
세보엠이씨,011560,KOSDAQ,500,10530000
세븐브로이맥주,267080,KONEX,500,11871408
세아메카닉스,396300,KOSDAQ,100,26489500
세아베스틸지주,001430,KOSPI,5000,35862119
세아제강,306200,KOSPI,5000,2836300
세아제강지주,003030,KOSPI,5000,4141657
세아특수강,019440,KOSPI,5000,8570000
세아홀딩스,058650,KOSPI,5000,4000000
세우글로벌,013000,KOSPI,500,28705031
세운메디칼,100700,KOSDAQ,100,43800000
세원물산,024830,KOSDAQ,500,8350000
세원이앤씨,091090,KOSPI,500,52754723
세원정공,021820,KOSPI,500,10000000
세이브존I&C,067830,KOSPI,1000,41040895
세종메디칼,258830,KOSDAQ,100,55786351
세종텔레콤,036630,KOSDAQ,5000,20000000
세중,039310,KOSDAQ,500,18121667
세진중공업,075580,KOSPI,500,56849456
세진티에스,067770,KOSDAQ,500,8396593
세코닉스,053450,KOSDAQ,500,14792803
세토피아,222810,KOSDAQ,500,15131870
세화피앤씨,252500,KOSDAQ,100,41486390
센서뷰,321370,KOSDAQ,500,42199823
센코,347000,KOSDAQ,500,33004976
셀레믹스,331920,KOSDAQ,500,8164148
셀레스트라,352770,KOSDAQ,100,2592407
셀로맥스사이언스,471820,KOSDAQ,100,11644079
셀루메드,049180,KOSDAQ,500,54957063
셀리드,299660,KOSDAQ,500,21102977
셀바스AI,108860,KOSDAQ,500,26914790
셀바스헬스케어,208370,KOSDAQ,500,25740564
셀바이오휴먼텍,318160,KOSDAQ,500,9260901
셀비온,308430,KOSDAQ,500,12816232
셀트리온,068270,KOSPI,1000,222425958
셀트리온제약,068760,KOSDAQ,500,43678692
셀피글로벌,068940,KOSDAQ,200,38260597
소노스퀘어,007720,KOSDAQ,500,100800450
소니드,060230,KOSDAQ,500,73759273
소룩스,290690,KOSDAQ,500,48498743
소마젠,950200,KOSDAQ,0,19236053
소프트센,032680,KOSDAQ,200,105590764
소프트센우,032685,KOSDAQ,200,357142
소프트캠프,258790,KOSDAQ,100,24991284
손오공,066910,KOSDAQ,500,54090043
솔디펜스,215090,KOSDAQ,100,115778305
솔루스첨단소재1우,33637K,KOSPI,100,16908766
솔루스첨단소재2우B,33637L,KOSPI,100,3778296
솔루스첨단소재,336370,KOSPI,100,70217344
솔루엠,248070,KOSPI,500,49005551
솔본,035610,KOSDAQ,500,27345997
솔브레인,357780,KOSDAQ,500,7778566
솔브레인홀딩스,036830,KOSDAQ GLOBAL,500,20964056
솔트룩스,304100,KOSDAQ,500,12130568
솔트웨어,328380,KOSDAQ,100,34262778
송원산업,004430,KOSPI,500,24000000
쇼박스,086980,KOSDAQ,500,62638000
수산세보틱스,017550,KOSPI,500,62399130
수산아이앤티,050960,KOSDAQ,500,6751000
수산인더스트리,126720,KOSPI,200,14286000
수성웹툰,084180,KOSDAQ,5000,18074283
수젠텍,253840,KOSDAQ,500,16743200
SOOP,067160,KOSDAQ GLOBAL,500,11494767
슈어소프트테크,298830,KOSDAQ,100,52619061
슈프리마,236200,KOSDAQ,500,7257273
슈프리마에이치큐,094840,KOSDAQ,500,10471840
슈피겐코리아,192440,KOSDAQ,500,6216363
스마트레이더시스템,424960,KOSDAQ,500,15677340
스맥,099440,KOSDAQ,500,40243394
SKAI,357880,KOSDAQ,500,34047953
스코넥,276040,KOSDAQ,500,12830335
스타에스엠리츠,204210,KOSPI,5000,7826815
스타코링크,060240,KOSDAQ,500,3231418
스타플렉스,115570,KOSDAQ,500,7984508
스톤브릿지벤처스,330730,KOSDAQ,500,18150830
스톰테크,352090,KOSDAQ,100,26872998
스튜디오산타클로스,204630,KOSDAQ,500,5089941
스튜디오드래곤,253450,KOSDAQ GLOBAL,500,30058498
스튜디오미르,408900,KOSDAQ,100,32729532
스튜디오삼익,415380,KOSDAQ,500,4225498
스틱인베스트먼트,026890,KOSPI,500,41678175
스페코,013810,KOSDAQ,500,14655470
스피어,347700,KOSDAQ,500,38500917
승일,049830,KOSDAQ,500,6132112
시공테크,020710,KOSDAQ,500,20047970
시그네틱스,033170,KOSDAQ,500,85728319
시너지이노베이션,048870,KOSDAQ,500,88099819
시노펙스,025320,KOSDAQ,500,87720296
시디즈,134790,KOSPI,500,2000000
시선AI,340810,KOSDAQ,500,10692194
시스웍,269620,KOSDAQ,100,148582691
CR홀딩스,000480,KOSPI,500,46890490
시지메드텍,056090,KOSDAQ,500,103259036
시지트로닉스,429270,KOSDAQ,500,4658150
시큐레터,418250,KOSDAQ,500,7981542
시큐브,131090,KOSDAQ,500,8000000
시프트업,462870,KOSPI,200,58781720
신대양제지,016590,KOSPI,500,40297820
신도기연,290520,KOSDAQ,500,15929362
신도리코,029530,KOSPI,5000,10080029
신라교역,004970,KOSPI,500,16000000
신라섬유,001000,KOSDAQ,100,24277540
신라에스지,025870,KOSDAQ,500,4000000
신라젠,215600,KOSDAQ,500,138129836
신성델타테크,065350,KOSDAQ,500,27483948
신성에스티,416180,KOSDAQ,500,9039778
신성이엔지,011930,KOSPI,500,205848151
신성통상,005390,KOSPI,500,143708390
신세계,004170,KOSPI,5000,9645181
신세계 I&C,035510,KOSPI,500,13980900
신세계인터내셔날,031430,KOSPI,1000,35343000
신세계푸드,031440,KOSPI,5000,3872480
신송홀딩스,006880,KOSPI,500,11828858
신스틸,162300,KOSDAQ,100,41471382
신시웨이,290560,KOSDAQ,500,3877972
신신제약,002800,KOSDAQ,500,15170500
신영와코루,005800,KOSPI,500,9000000
신영증권,001720,KOSPI,5000,16440000
신영스팩10호,472220,KOSDAQ,100,4690000
신영스팩8호,430220,KOSDAQ,100,6760000
신영스팩9호,445970,KOSDAQ,100,5360000
신원,009270,KOSPI,500,104891065
신원종합개발,017000,KOSDAQ,5000,11668027
신일전자,002700,KOSPI,500,71047521
신일제약,012790,KOSDAQ,500,11986415
신진에스엠,138070,KOSDAQ,500,17503204
신테카바이오,226330,KOSDAQ,500,15258475
신풍,002870,KOSPI,500,34958700
신풍제약우,019175,KOSPI,500,2200000
신풍제약,019170,KOSPI,500,52984990
신한글로벌액티브리츠,481850,KOSPI,1000,43477664
신한지주,055550,KOSPI,5000,495842065
신한서부티엔디리츠,404990,KOSPI,1000,55955884
신한알파리츠,293940,KOSPI,1000,120940123
신한제11호스팩,452980,KOSDAQ,100,18905000
신한제12호스팩,474660,KOSDAQ,100,5520000
신한제13호스팩,474930,KOSDAQ,100,3620000
신한제14호스팩,487360,KOSDAQ,100,5640000
신한제15호스팩,487830,KOSDAQ,100,4350000
신한제16호스팩,496070,KOSDAQ,100,5620000
신화인터텍,056700,KOSDAQ,500,29135091
신화콘텍,187270,KOSDAQ,500,10143845
신흥,004080,KOSPI,500,9500000
신흥에스이씨,243840,KOSDAQ,500,38558235
실리콘투,257720,KOSDAQ,500,61171908
심텍,222800,KOSDAQ GLOBAL,500,31854143
심텍홀딩스,036710,KOSDAQ,500,48723279
심플랫폼,444530,KOSDAQ,500,6241227
싸이맥스,160980,KOSDAQ,500,10924243
싸이버원,356890,KOSDAQ,200,11953825
싸이토젠,217330,KOSDAQ,500,23129547
쌍방울,102280,KOSPI,100,26259210
써니전자,004770,KOSPI,500,36702884
썬테크,217320,KONEX,500,1050000
썸에이지,208640,KOSDAQ,100,139240254
쎄노텍,222420,KOSDAQ,100,45460231
쎄니트,037760,KOSDAQ,500,33832921
쎄크,081180,KOSDAQ,500,8825535
쎄트렉아이,099320,KOSDAQ,500,10951278
쎌바이오텍,049960,KOSDAQ,500,9400000
쏘닉스,088280,KOSDAQ,1000,17306490
쏘카,403550,KOSPI,100,32841902
쏠리드,050890,KOSDAQ,500,61095231
쓰리빌리언,394800,KOSDAQ,100,31721539
쓰리에이로직스,177900,KOSDAQ,500,9558800
씨메스,475400,KOSDAQ,500,11608430
CBI,013720,KOSDAQ,1000,52128143
씨싸이트,109670,KOSDAQ,500,5836602
씨씨에스,066790,KOSDAQ,500,65152039
씨아이에스,222080,KOSDAQ,100,77371839
씨아이테크,004920,KOSPI,500,50065793
씨알푸드,236030,KONEX,500,2033332
씨앗,103660,KONEX,500,6017471
씨앤씨인터내셔널,352480,KOSDAQ,100,10013941
씨앤에스링크,245450,KONEX,500,1579960
CNH,023460,KOSDAQ,2500,37200000
씨앤지하이테크,264660,KOSDAQ,500,9721172
씨앤투스,352700,KOSDAQ,500,26276899
CNT85,056730,KOSDAQ,500,74111186
씨어스테크놀로지,458870,KOSDAQ,500,12590880
CS,065770,KOSDAQ,500,19411130
씨에스베어링,297090,KOSDAQ,500,27270000
CSA 코스믹,083660,KOSDAQ,200,61247181
씨에스윈드,112610,KOSPI,500,42171403
씨엑스아이,900120,KOSDAQ,0.05,300577845
씨엔알리서치,359090,KOSDAQ,100,56725891
씨엔플러스,115530,KOSDAQ,100,67963000
씨유메디칼,115480,KOSDAQ,500,60624558
씨유테크,376290,KOSDAQ,500,17657500
씨이랩,189330,KOSDAQ,500,6092284
CJ대한통운,000120,KOSPI,5000,22812344
CJ 바이오사이언스,311690,KOSDAQ,500,13065462
CJ CGV,079160,KOSPI,500,165580351
CJ ENM,035760,KOSDAQ GLOBAL,5000,21929154
CJ제일제당 우,097955,KOSPI,5000,1327433
CJ제일제당,097950,KOSPI,5000,15054186
CJ프레시웨이,051500,KOSDAQ,1000,11871586
씨젠,096530,KOSDAQ,500,52225994
CG인바이츠,083790,KOSDAQ,500,76894182
씨케이솔루션,480370,KOSPI,100,10934861
씨큐브,101240,KOSDAQ,500,10340947
씨티씨바이오,060590,KOSDAQ,500,24181020
씨티알모빌리티,308170,KOSPI,500,8610000
씨티케이,260930,KOSDAQ,500,19341591
씨피시스템,413630,KOSDAQ,100,38198021
아가방컴퍼니,013990,KOSDAQ,500,32887536
아나패스,123860,KOSDAQ,500,12123415
아난티,025980,KOSDAQ,100,88629478
아남전자,008700,KOSPI,500,77124820
아모그린텍,125210,KOSDAQ,500,16496790
아모레퍼시픽우,090435,KOSPI,500,10557830
아모레퍼시픽,090430,KOSPI,500,58492759
아모레퍼시픽홀딩스우,002795,KOSPI,500,6443770
아모레퍼시픽홀딩스3우C,00279K,KOSPI,500,7092200
아모레퍼시픽홀딩스,002790,KOSPI,500,79458180
아모텍,052710,KOSDAQ,500,14615109
아미노로직스,074430,KOSDAQ,100,87826844
아미코젠,092040,KOSDAQ,500,55018347
아바코,083930,KOSDAQ,500,14912798
아바텍,149950,KOSDAQ,500,15607500
아비코전자,036010,KOSDAQ,500,13292934
아세아,002030,KOSPI,5000,2084140
아세아시멘트,183190,KOSPI,500,37346770
아세아제지,002310,KOSPI,1000,41632510
아세아텍,050860,KOSDAQ,500,22500000
아센디오,012170,KOSPI,500,10873743
아셈스,136410,KOSDAQ,500,11019106
아스타,246720,KOSDAQ,500,13567300
아스테라시스,450950,KOSDAQ,100,36654642
아스트,067390,KOSDAQ,500,395157579
아스플로,159010,KOSDAQ,500,13334739
아시아경제,127710,KOSDAQ,500,34904082
아시아나IDT,267850,KOSPI,500,11100000
아시아나항공,020560,KOSPI,5000,205990711
아우딘퓨쳐스,227610,KOSDAQ,500,35583547
아이디스,143160,KOSDAQ,500,10716390
아이디스홀딩스,054800,KOSDAQ,500,10347756
아이디피,332370,KOSDAQ,500,13273726
아이마켓코리아,122900,KOSPI,500,33428840
아이비김영,339950,KOSDAQ,100,44946655
아이비젼웍스,469750,KOSDAQ,100,33936481
IBKS제21호스팩,442770,KOSDAQ,100,4210000
IBKS제22호스팩,448760,KOSDAQ,100,4430000
IBKS제23호스팩,467930,KOSDAQ,100,4230000
IBKS제24호스팩,469480,KOSDAQ,100,4230000
아이빔테크놀로지,460470,KOSDAQ,500,15096870
아이센스,099190,KOSDAQ,500,27715273
아이스크림미디어,461300,KOSDAQ,500,13176933
아이스크림에듀,289010,KOSDAQ,500,13945256
아이쓰리시스템,214430,KOSDAQ,500,7106760
아이씨디,040910,KOSDAQ,500,18574275
아이씨에이치,368600,KOSDAQ,500,17538346
아이씨티케이,456010,KOSDAQ,500,13420676
아이앤씨,052860,KOSDAQ,500,17862854
아이언디바이스,464500,KOSDAQ,500,13963263
아이에스동서,010780,KOSPI,500,30186976
ISC,095340,KOSDAQ,500,21197058
아이에스티이,212710,KOSDAQ,500,9257478
아이에이,038880,KOSDAQ,100,375721175
아이엘,307180,KOSDAQ,100,28462625
아이엠,101390,KOSDAQ,500,12981844
iM금융지주,139130,KOSPI,5000,166392833
아이엠비디엑스,461030,KOSDAQ,100,14017750
iMBC,052220,KOSDAQ,500,23000000
아이엠지티,456570,KONEX,500,5127017
아이엠티,451220,KOSDAQ,500,7874611
아이오바이오,447690,KONEX,500,2630256
아이윈,090150,KOSDAQ,500,41875293
아이윈플러스,123010,KOSDAQ,500,32658542
아이즈비전,031310,KOSDAQ,500,26355043
아이지넷,462980,KOSDAQ,500,18234437
아이진,185490,KOSDAQ,500,27029784
아이컴포넌트,059100,KOSDAQ,500,7070860
아이케이세미콘,149010,KONEX,500,3120000
아이퀘스트,262840,KOSDAQ,100,21133905
아이큐어,175250,KOSDAQ,500,37558368
아이크래프트,052460,KOSDAQ,500,14607936
아이텍,119830,KOSDAQ,500,22117542
아이톡시,052770,KOSDAQ,500,55782666
아이티센글로벌,124500,KOSDAQ,500,23204527
아이티센씨티에스,031820,KOSPI,500,121051466
아이티센엔텍,010280,KOSDAQ,500,65123786
아이티센코어,243870,KONEX,500,2892631
아이티센피엔에스,232830,KOSDAQ,500,11707472
아이티아이즈,372800,KOSDAQ,500,6046990
아이티엠반도체,084850,KOSDAQ GLOBAL,500,22682934
아이패밀리에스씨,114840,KOSDAQ,500,17319900
아주스틸,139990,KOSPI,500,38755414
아주IB투자,027360,KOSDAQ,500,120945406
아즈텍WB,032080,KOSDAQ,500,21491029
아진산업,013310,KOSDAQ,500,38806582
아진엑스텍,059120,KOSDAQ,500,9748596
아진전자부품,009320,KOSPI,500,49299770
아크솔루션스,203690,KOSDAQ,500,16743763
아톤,158430,KOSDAQ,100,24798851
아티스트스튜디오,200350,KOSDAQ,500,9996025
아티스트컴퍼니,321820,KOSDAQ,500,15591376
아퓨어스,149300,KONEX,500,45486252
아하,102950,KONEX,500,13121903
안국약품,001540,KOSDAQ,500,13042420
안랩,053800,KOSDAQ,500,11126506
안지오랩,251280,KONEX,500,3281344
안트로젠,065660,KOSDAQ,500,10006100
알로이스,297570,KOSDAQ,100,34621218
알루코,001780,KOSPI,500,96830132
알리코제약,260660,KOSDAQ,500,15327021
알멕,354320,KOSDAQ,500,6391381
알비더블유,361570,KOSDAQ,500,28743291
알서포트,131370,KOSDAQ,100,53267083
알에스오토메이션,140670,KOSDAQ,500,9303140
RF머트리얼즈,327260,KOSDAQ,500,8433231
알에프세미,096610,KOSDAQ,500,17386411
RF시스템즈,474610,KOSDAQ,100,12924863
RFHIC,218410,KOSDAQ,500,26484442
알에프텍,061040,KOSDAQ,500,32089259
알엔투테크놀로지,148250,KOSDAQ,500,9446672
알체라,347860,KOSDAQ,500,38710961
알테오젠,196170,KOSDAQ GLOBAL,500,53464968
알톤,123750,KOSDAQ,500,12746297
알티캐스트,085810,KOSDAQ,500,49856389
알파녹스,043100,KOSDAQ,500,17107076
알파칩스,117670,KOSDAQ,500,61394681
알피바이오,314140,KOSDAQ,500,8666361
압타머사이언스,291650,KOSDAQ,500,29280252
압타바이오,293780,KOSDAQ,500,26881360
애경산업,018250,KOSPI,1000,26409935
애경케미칼,161000,KOSPI,500,48648709
애니메디솔루션,390110,KONEX,500,9087297
애니플러스,310200,KOSDAQ,100,48911425
애드바이오텍,179530,KOSDAQ,500,11359544
애머릿지,900100,KOSDAQ,1.5,46037292
액토즈소프트,052790,KOSDAQ,500,11330638
액트로,290740,KOSDAQ,500,10065011
앤디포스,238090,KOSDAQ,500,23541303
앤씨앤,092600,KOSDAQ,500,25083517
앱코,129890,KOSDAQ,100,50643410
앱클론,174900,KOSDAQ,500,19092949
앱트뉴로사이언스,270520,KOSDAQ,100,158790786
야스,255440,KOSDAQ,500,13058000
양지사,030960,KOSDAQ,500,15980000
어보브반도체,102120,KOSDAQ,500,17780753
얼라인드,238120,KOSDAQ,500,14378896
엄지하우스,224810,KONEX,500,4200000
에너토크,019990,KOSDAQ,500,9756088
에넥스,011090,KOSPI,500,59991641
에르코스,435570,KOSDAQ,500,7341556
에브리봇,270660,KOSDAQ,500,12261742
에스넷,038680,KOSDAQ,500,19912642
에스디바이오센서,137310,KOSPI,500,121749102
에스디생명공학,217480,KOSDAQ,500,109733141
에스디시스템,121890,KOSDAQ,500,13291446
SDN,099220,KOSDAQ,500,64944350
에스바이오메딕스,304360,KOSDAQ,500,11859796
SV인베스트먼트,289080,KOSDAQ,500,53948282
에스비비테크,389500,KOSDAQ,500,6333904
SB성보,003080,KOSPI,500,20020000
SBI인베스트먼트,019550,KOSDAQ,500,162066575
SBS,034120,KOSPI,5000,18551238
에스씨디,042110,KOSDAQ,500,48329564
SCL사이언스,246960,KOSDAQ,500,8479375
에스씨엠생명과학,298060,KOSDAQ,500,28730074
에스아이리소스,065420,KOSDAQ,100,71577299
에스알바이오텍,270210,KONEX,500,1655205
에스앤더블류,103230,KOSDAQ,500,7200000
에스앤디,260970,KOSDAQ,500,2892754
에스앤에스텍,101490,KOSDAQ,500,21451447
에스에너지,095910,KOSDAQ,500,22603379
에스에스알,275630,KOSDAQ,500,6017989
SAMG엔터,419530,KOSDAQ,500,8770930
에스에이엠티,031330,KOSDAQ,500,99995067
에스에이티,060540,KOSDAQ,500,26133306
에스에프에이,056190,KOSDAQ GLOBAL,500,35908760
SFA반도체,036540,KOSDAQ,500,164460303
S&K폴리텍,091340,KOSDAQ,500,11703721
에스엘,005850,KOSPI,500,46448520
에스엘에스바이오,246250,KOSDAQ,500,15348206
SM Life Design,063440,KOSDAQ,500,46029154
에스엠벡셀,010580,KOSPI,500,111251760
에스엠씨지,460870,KOSDAQ,100,18403305
에스엠,041510,KOSDAQ,500,22894690
SM C&C,048550,KOSDAQ,500,96714620
에스엠코어,007820,KOSDAQ,500,20033946
에스오에스랩,464080,KOSDAQ,100,17681830
에스와이,109610,KOSDAQ,500,48907400
에스와이스틸텍,365330,KOSDAQ,500,30610000
에스원,012750,KOSPI,500,37999178
에스유앤피,019590,KOSDAQ,500,37988847
에스제이그룹,306040,KOSDAQ,500,9865828
SJG세종,033530,KOSPI,500,27820961
에스제이켐,217910,KONEX,100,13990522
SG세계물산,004060,KOSPI,500,202424960
SGC E&C,016250,KOSDAQ,5000,3243585
SGA,049470,KOSDAQ,100,58862249
SGA솔루션즈,184230,KOSDAQ,100,65717223
SG&G,040610,KOSDAQ,500,34087196
SG,255220,KOSDAQ,100,98558665
에스지헬스케어,398120,KOSDAQ,100,11161200
SK디스커버리우,006125,KOSPI,5000,1312455
SK디스커버리,006120,KOSPI,5000,18347855
SK바이오사이언스,302440,KOSPI,500,78369145
SK바이오팜,326030,KOSPI,500,78313250
SK이터닉스,475150,KOSPI,200,33754042
에스케이증권제10호스팩,457940,KOSDAQ,100,3310000
에스케이증권제11호스팩,472230,KOSDAQ,100,4155000
에스케이증권제12호스팩,473000,KOSDAQ,100,3310000
에스케이증권제13호스팩,473950,KOSDAQ,100,4420000
에스케이증권제9호스팩,455910,KOSDAQ,100,5020000
SK하이닉스,000660,KOSPI,5000,728002365
에스켐,475660,KOSDAQ,500,7929835
에스코넥,096630,KOSDAQ,200,79381616
에스텍,069510,KOSDAQ,500,10910000
에스트래픽,234300,KOSDAQ,500,27520215
에스티아이,039440,KOSDAQ,500,15830000
에스티오,098660,KOSDAQ,500,12500976
에스티큐브,052020,KOSDAQ,500,67983291
에스티팜,237690,KOSDAQ GLOBAL,500,20152888
에스폴리텍,050760,KOSDAQ,500,16334678
에스퓨얼셀,288620,KOSDAQ,500,6979316
에스피소프트,443670,KOSDAQ,100,24741392
에스피시스템스,317830,KOSDAQ,100,10773818
에스피지,058610,KOSDAQ,500,22177360
에쎈테크,043340,KOSDAQ,500,95000000
에쓰씨엔지니어링,023960,KOSPI,500,35058587
에어레인,163280,KOSDAQ,100,8174789
에어부산,298690,KOSPI,1000,116640000
에이디칩스,054630,KOSDAQ,500,7970946
에이디테크놀로지,200710,KOSDAQ,500,13440822
에이럭스,475580,KOSDAQ,200,13624900
에이루트,096690,KOSDAQ,2500,33477189
에이블씨엔씨,078520,KOSPI,500,26014161
에이비엘바이오,298380,KOSDAQ,500,48528007
에이비온,203400,KOSDAQ,500,28637415
에이비프로바이오,195990,KOSDAQ,500,284689721
에이스침대,003800,KOSDAQ,1000,11090000
에이스테크,088800,KOSDAQ,500,75506434
에이스토리,241840,KOSDAQ,500,9539994
에이아이코리아,364950,KOSDAQ,500,8131139
에이에스텍,453860,KOSDAQ,500,5657215
에이에프더블류,312610,KOSDAQ,500,20256888
에이엔피,015260,KOSPI,500,45116894
에이엘티,172670,KOSDAQ,500,8960259
에이엠시지,495900,KONEX,500,4915384
에이원알폼,234070,KONEX,500,6960703
에이유브랜즈,481070,KOSDAQ,100,14160000
에이리츠,140910,KOSPI,5000,4463032
에이직랜드,445090,KOSDAQ,500,10871660
HDC랩스,039570,KOSPI,500,25957601
HDC현대EP,089470,KOSPI,500,31900000
HD한국조선해양,009540,KOSPI,5000,70773116
HD현대건설기계,267270,KOSPI,5000,17661789
HD현대마린솔루션,443060,KOSPI,500,44829210
HD현대마린엔진,071970,KOSPI,2500,33921495
HD현대미포,010620,KOSPI,5000,39942149
HD현대,267250,KOSPI,1000,78993085
HD현대에너지솔루션,322000,KOSPI,5000,11200000
HD현대인프라코어,042670,KOSPI,1000,192591032
HD현대일렉트릭,267260,KOSPI,5000,36047135
HD현대중공업,329180,KOSPI,5000,88773116
에이치브이엠,295310,KOSDAQ,500,11901931
HB솔루션,297890,KOSDAQ,500,73140914
HB인베스트먼트,440290,KOSDAQ,500,27107010
HB테크놀러지,078150,KOSDAQ,500,92715916
에이치시티,072990,KOSDAQ,500,7365316
HRS,036640,KOSDAQ,500,16354800
HS화성,002460,KOSPI,5000,10150000
HS효성,487570,KOSPI,5000,3725927
HS효성첨단소재,298050,KOSPI,5000,4479948
에이치엔에스하이텍,044990,KOSDAQ,500,8036064
HLB,028300,KOSDAQ,500,131425086
HLB글로벌,003580,KOSPI,500,50316578
HLB바이오스텝,278650,KOSDAQ,100,87005539
HLB사이언스,343090,KONEX,500,17841811
HLB생명과학,067630,KOSDAQ,500,121917058
HLB제넥스,187420,KOSDAQ,500,29135882
HLB제약,047920,KOSDAQ,500,32791356
HLB테라퓨틱스,115450,KOSDAQ,500,84370902
HLB파나진,046210,KOSDAQ,500,44491969
HLB펩,196300,KOSDAQ,500,9293398
에이치엘사이언스,239610,KOSDAQ,500,5392115
에이치엠넥스,036170,KOSDAQ,1000,61365626
에이치엠씨제6호스팩,462020,KOSDAQ,100,4345000
에이치엠씨제7호스팩,477340,KOSDAQ,100,7510000
HMM,011200,KOSPI,5000,1025039496
에이치와이티씨,148930,KOSDAQ,500,10175213
에이치이엠파마,376270,KOSDAQ,500,7012237
에이치케이,044780,KOSDAQ,500,18505787
HK이노엔,195940,KOSDAQ GLOBAL,500,28329891
HPSP,403870,KOSDAQ GLOBAL,500,83498568
에이치피오,357230,KOSDAQ,500,42089487
에이텀,355690,KOSDAQ,500,5404980
에이테크솔루션,071670,KOSDAQ,500,10000000
에이텍,045660,KOSDAQ,500,8260000
에이텍모빌리티,224110,KOSDAQ,500,5340000
에이티넘인베스트,021080,KOSDAQ,500,48000000
에이팩트,200470,KOSDAQ,500,42362093
에이펙스인텍,207490,KONEX,500,3600000
에이프로,262260,KOSDAQ,500,14468152
에이프로젠바이오로직스,003060,KOSPI,500,198407845
에이프로젠,007460,KOSPI,500,311826676
에이프릴바이오,397030,KOSDAQ,1000,22527596
에이플러스에셋,244920,KOSPI,500,22607693
AP시스템,265520,KOSDAQ,500,15281421
에이피알,278470,KOSPI,100,37646555
APS,054620,KOSDAQ,500,19894221
AP위성,211270,KOSDAQ,500,15082304
AP헬스케어,109960,KOSDAQ,500,200789269
에치에프알,230240,KOSDAQ,500,13309000
에코글로우,159910,KOSDAQ,100,39888358
에코마케팅,230360,KOSDAQ,100,31468029
에코바이오,038870,KOSDAQ,500,14014949
에코볼트,097780,KOSDAQ,1000,67730338
에코아이,448280,KOSDAQ,500,29631129
에코앤드림,101360,KOSDAQ,500,17786114
에코캡,128540,KOSDAQ,100,26690460
에코프로,086520,KOSDAQ,100,135776152
에코프로머티,450080,KOSPI,500,69932424
에코프로비엠,247540,KOSDAQ GLOBAL,500,97801344
에코프로에이치엔,383310,KOSDAQ GLOBAL,500,20974932
에코플라스틱,038110,KOSDAQ,500,41169370
에프알텍,073540,KOSDAQ,500,11400000
에프앤가이드,064850,KOSDAQ,500,11410332
FSN,214270,KOSDAQ,500,41069167
에프에스티,036810,KOSDAQ,500,21956348
에프엔씨엔터,173940,KOSDAQ,500,15392808
에프엔에스테크,083500,KOSDAQ,500,8575722
에피바이오텍,446440,KONEX,500,2306879
엑사이엔씨,054940,KOSDAQ,500,33173548
엑세스바이오,950130,KOSDAQ,무액면,37727832
엑셀세라퓨틱스,373110,KOSDAQ,500,10938462
엑셈,205100,KOSDAQ,100,71462308
엑스게이트,356680,KOSDAQ,100,28543492
엑스큐어,070300,KOSDAQ,500,9928522
엑스페릭스,317770,KOSDAQ,500,31104286
엑스플러스,373200,KOSDAQ,100,100864569
엑시온그룹,069920,KOSDAQ,500,39388558
엑시콘,092870,KOSDAQ,500,13050797
엑시큐어하이트론,019490,KOSPI,500,76432270
엔바이오니아,317870,KOSDAQ,500,8521750
엔브이에이치코리아,067570,KOSDAQ,500,42170000
엔비티,236810,KOSDAQ,100,16975426
엔솔바이오사이언스,140610,KONEX,500,12334951
엔시스,333620,KOSDAQ,100,10556344
엔시트론,101400,KOSDAQ,500,68450730
엔씨소프트,036570,KOSPI,500,21544022
엔에스엠,238170,KONEX,500,20774684
엔에스이엔엠,078860,KOSDAQ,100,59362257
엔에스컴퍼니,224760,KONEX,500,3939700
엔에이치스팩25호,438580,KOSDAQ,100,3020000
엔에이치스팩26호,439410,KOSDAQ,100,8800000
엔에이치스팩27호,440820,KOSDAQ,100,7800000
엔에이치스팩29호,451700,KOSDAQ,100,14350000
엔에이치스팩30호,466910,KOSDAQ,100,9100000
엔에이치스팩31호,481890,KOSDAQ,100,6345000
NHN벅스,104200,KOSDAQ,500,14827550
NHN KCP,060250,KOSDAQ GLOBAL,500,40160611
NH올원리츠,400760,KOSPI,500,43767888
NH투자증권우,005945,KOSPI,5000,18870968
NH투자증권,005940,KOSPI,5000,327492299
엔에프씨,265740,KOSDAQ,100,8931800
NE능률,053290,KOSDAQ,500,16526307
엔젠바이오,354200,KOSDAQ,1000,19818734
엔젤로보틱스,455900,KOSDAQ,500,15183131
엔젯,419080,KOSDAQ,500,10565477
엔지브이아이,093510,KONEX,500,6020000
엔지스테크널러지,208860,KOSDAQ,500,33949973
엔지켐생명과학,183490,KOSDAQ,500,85065562
엔케이,085310,KOSPI,500,78880322
엔케이맥스,182400,KOSDAQ,500,85518831
엔켐,348370,KOSDAQ,500,21194303
엔텔스,069410,KOSDAQ,500,10244824
엔투텍,227950,KOSDAQ,100,103575530
엔피,291230,KOSDAQ,100,44095775
엔피디,198080,KOSDAQ,500,21535185
NPX,222160,KOSDAQ,500,9894439
엔피케이,048830,KOSDAQ,500,18723923
엘디티,096870,KOSDAQ,500,6678400
엘리비젼,276240,KONEX,500,10413138
엘브이엠씨홀딩스,900140,KOSPI,0.25,193240432
LB세미콘,061970,KOSDAQ,500,58083006
LB인베스트먼트,309960,KOSDAQ,1000,23217239
엘앤씨바이오,290650,KOSDAQ,500,23178719
엘앤에프,066970,KOSPI,500,36316174
엘앤케이바이오,156100,KOSDAQ,500,19936743
LS마린솔루션,060370,KOSDAQ,1000,32668854
LS머트리얼즈,417200,KOSDAQ,500,67652659
LS증권,078020,KOSDAQ,5000,55481190
LS티라유텍,322180,KOSDAQ,100,20921984
엘에이티,311060,KONEX,500,7827134
LX하우시스우,108675,KOSPI,5000,1032330
LX하우시스,108670,KOSPI,5000,8967670
LX홀딩스1우,38380K,KOSPI,1000,1465285
LX홀딩스,383800,KOSPI,1000,76280690
엘엠에스,073110,KOSDAQ,500,8895755
엘오티베큠,083310,KOSDAQ,500,17810033
LG씨엔에스,064400,KOSPI,500,96885948
LG헬로비전,037560,KOSPI,2500,77446865
엘컴텍,037950,KOSDAQ,500,84447519
LK삼양,225190,KOSDAQ,100,50748440
엘케이켐,489500,KOSDAQ,100,6278056
엘티씨,170920,KOSDAQ,500,9981755
M83,476080,KOSDAQ,100,7785000
엠게임,058630,KOSDAQ,500,19543877
엠디바이스,226590,KOSDAQ,500,10567784
엠로,058970,KOSDAQ,500,12335251
엠씨넥스,097520,KOSPI,500,17977732
엠아이큐브솔루션,373170,KOSDAQ,100,5037930
엠아이텍,179290,KOSDAQ,500,32365678
엠앤씨솔루션,484870,KOSPI,100,9153900
엠에스씨,009780,KOSDAQ,500,17600000
엠에스오토텍,123040,KOSDAQ,500,62628299
엠에프씨,432980,KOSDAQ,500,8591742
엠에프엠코리아,323230,KOSDAQ,100,43274492
엠오티,413390,KOSDAQ,500,11580180
엠젠솔루션,032790,KOSDAQ,500,44754342
엠케이전자,033160,KOSDAQ,500,22066331
엠투아이,347890,KOSDAQ,100,16913204
엠투엔,033310,KOSDAQ,500,40342231
엠플러스,259630,KOSDAQ,500,12282402
엣지파운드리,105550,KOSDAQ,500,78307051
영림원소프트랩,060850,KOSDAQ,500,8131000
영보화학,014440,KOSPI,500,20000000
영우디에스피,143540,KOSDAQ,500,44599895
영원무역,111770,KOSPI,500,44311468
영원무역홀딩스,009970,KOSPI,500,13635592
영진약품,003520,KOSPI,500,182892731
영풍,000670,KOSPI,500,19108450
영풍제지,006740,KOSPI,500,55907218
영화금속,012280,KOSPI,500,51664505
영화테크,265560,KOSDAQ,500,10690180
영흥,012160,KOSPI,500,101310372
예림당,036000,KOSDAQ,500,23034277
예선테크,250930,KOSDAQ,100,33000440
예스24,053280,KOSDAQ,500,25000000
예스티,122640,KOSDAQ,500,20956339
오가노이드사이언스,476040,KOSDAQ,500,6540975
오가닉티코스메틱,900300,KOSDAQ,무액면,96002224
오건에코텍,212310,KONEX,500,11555874
오공,045060,KOSDAQ,500,16941974
오늘이엔엠,192410,KOSDAQ,100,14235530
오디텍,080520,KOSDAQ,500,11746609
오뚜기,007310,KOSPI,5000,4007830
오로라,039830,KOSDAQ,500,10762890
오로스테크놀로지,322310,KOSDAQ,500,9366542
오르비텍,046120,KOSDAQ,500,27449486
오름테라퓨틱,475830,KOSDAQ,100,21069082
오리엔탈정공,014940,KOSDAQ,500,45573661
오리엔트바이오,002630,KOSPI,500,118583005
오리엔트정공,065500,KOSDAQ,500,31742912
오리온,271560,KOSPI,500,39536132
오리온홀딩스,001800,KOSPI,500,62645422
오리콤,010470,KOSDAQ,1000,11975050
오브젠,417860,KOSDAQ,500,4430614
오비고,352910,KOSDAQ,500,12637802
오상자이엘,053980,KOSDAQ,500,18982783
오상헬스케어,036220,KOSDAQ,500,14509416
오성첨단소재,052420,KOSDAQ,500,91170474
오션스바이오,332190,KONEX,100,1477839
오션인더블유,052300,KOSDAQ,5000,16865143
오스코텍,039200,KOSDAQ,500,38248176
오스템,031510,KOSDAQ,500,28000000
OCI홀딩스,010060,KOSPI,5000,18814917
오에스피,368970,KOSDAQ,500,9346160
오이솔루션,138080,KOSDAQ,500,10624095
오킨스전자,080580,KOSDAQ,500,17935173
오텍,067170,KOSDAQ,500,15391605
오토앤,353590,KOSDAQ,500,12875570
오파스넷,173130,KOSDAQ,500,13046473
오픈베이스,049480,KOSDAQ,500,31422383
오픈엣지테크놀로지,394280,KOSDAQ,100,22003494
오하임앤컴퍼니,309930,KOSDAQ,100,21290990
온코닉테라퓨틱스,476060,KOSDAQ,500,11002310
온코크로스,382150,KOSDAQ,500,11896437
온타이드,005320,KOSPI,500,67522221
올리패스,244460,KOSDAQ,500,5439505
올릭스,226950,KOSDAQ,500,19775322
옴니시스템,057540,KOSDAQ,500,59449355
옵투스제약,131030,KOSDAQ,500,16153162
옵트론텍,082210,KOSDAQ,500,33192374
옵티시스,109080,KOSDAQ,500,5636000
옵티코어,380540,KOSDAQ,100,48089959
옵티팜,153710,KOSDAQ,500,14669958
YW,051390,KOSDAQ,500,11355368
와이랩,432430,KOSDAQ,500,16440320
와이바이오로직스,338840,KOSDAQ,500,14782516
YBM넷,057030,KOSDAQ,500,16312697
와이솔,122990,KOSDAQ,500,27671533
와이씨,232140,KOSDAQ,100,82045350
와이씨켐,112290,KOSDAQ,1000,10110545
와이어블,065530,KOSDAQ,500,52860000
와이엔텍,067900,KOSDAQ,500,18199659
와이엠,007530,KOSDAQ,500,22254231
와이엠씨,155650,KOSDAQ,500,19474358
와이엠텍,273640,KOSDAQ,500,10966000
와이엠티,251370,KOSDAQ,500,16314464
와이오엠,066430,KOSDAQ,500,39153476
와이제이링크,209640,KOSDAQ,500,14221573
와이즈넛,096250,KOSDAQ,500,13096536
와이즈버즈,273060,KOSDAQ,100,50459582
와이지-원,019210,KOSDAQ,500,33573819
와이지엔터테인먼트,122870,KOSDAQ GLOBAL,500,18691049
YG PLUS,037270,KOSPI,500,63429410
와이투솔루션,011690,KOSPI,2500,36574394
YTN,040300,KOSDAQ,1000,42000000
와토스코리아,079000,KOSDAQ,500,7200000
우리금융지주,316140,KOSPI,5000,742591501
우리기술,032820,KOSDAQ,500,164677432
우리기술투자,041190,KOSDAQ,500,84000000
우리넷,115440,KOSDAQ,500,10794292
우리로,046970,KOSDAQ,500,43824999
우리바이오,082850,KOSDAQ,500,48456578
우리산업,215360,KOSDAQ,500,9132163
우리산업홀딩스,072470,KOSDAQ,500,18887341
우리손에프앤지,073560,KOSDAQ,500,69237643
우리엔터프라이즈,037400,KOSDAQ,500,26223346
우리이앤엘,153490,KOSDAQ,500,51480000
우림피티에스,101170,KOSDAQ,500,13500000
우성,006980,KOSPI,5000,3090000
우수AMS,066590,KOSDAQ,500,39073104
우신시스템,017370,KOSPI,500,18314054
우양,103840,KOSDAQ,100,16366428
우양에이치씨,101970,KOSDAQ,500,14547709
우원개발,046940,KOSDAQ,500,18074350
우정바이오,215380,KOSDAQ,500,16829576
우주일렉트로,065680,KOSDAQ,500,9240471
우진,105840,KOSPI,500,20197670
우진비앤지,018620,KOSDAQ,500,28889293
우진아이엔에스,010400,KOSPI,500,7622000
우진엔텍,457550,KOSDAQ,500,9271339
우진플라임,049800,KOSPI,500,20000000
웅진,016880,KOSPI,500,79927080
웅진씽크빅,095720,KOSPI,500,115505985
워트,396470,KOSDAQ,100,16120000
원림,005820,KOSPI,5000,2297970
원바이오젠,307280,KOSDAQ,500,7391802
원익,032940,KOSDAQ,500,18193230
원익머트리얼즈,104830,KOSDAQ,500,12608000
원익IPS,240810,KOSDAQ GLOBAL,500,49083901
원익큐브,014190,KOSDAQ,500,35399906
원익QnC,074600,KOSDAQ GLOBAL,500,26288000
원익피앤이,217820,KOSDAQ,500,47454559
원익홀딩스,030530,KOSDAQ,500,77237981
원일특강,012620,KOSDAQ,500,4400000
원일티엔아이,136150,KOSDAQ,500,8381030
원준,382840,KOSDAQ,100,15271581
원텍,336570,KOSDAQ,100,89439012
원티드랩,376980,KOSDAQ,500,9766394
원포유,122830,KONEX,100,32751985
원풍,008370,KOSDAQ,500,12000000
원풍물산,008290,KOSDAQ,500,40693679
월덱스,101160,KOSDAQ,500,16510993
웨이버스,336060,KOSDAQ,100,48155200
웨이브일렉트로,095270,KOSDAQ,500,14971256
웨이비스,289930,KOSDAQ,500,12519593
웰바이오텍,010600,KOSPI,500,90923407
웰크론,065950,KOSDAQ,500,28231302
웰크론한텍,076080,KOSDAQ,500,22594156
웰킵스하이텍,043590,KOSDAQ,500,27136762
웹스,196700,KOSDAQ,500,14364144
웹젠,069080,KOSDAQ GLOBAL,500,34600884
웹케시,053580,KOSDAQ,500,13636248
위너스,479960,KOSDAQ,200,6851000
위니아,071460,KOSDAQ,500,35967295
위니아에이드,377460,KOSDAQ,500,15393405
위닉스,044340,KOSDAQ,500,17873425
위더스제약,330350,KOSDAQ,200,13202139
위드텍,348350,KOSDAQ,500,10183600
위메이드,112040,KOSDAQ,500,33948483
위메이드맥스,101730,KOSDAQ,500,82935616
위메이드플레이,123420,KOSDAQ,500,11469842
위세아이텍,065370,KOSDAQ,500,7383954
위월드,140660,KONEX,500,2487252
위즈코프,038620,KOSDAQ,500,73441885
위지윅스튜디오,299900,KOSDAQ,500,171048884
위지트,036090,KOSDAQ,500,118392284
위츠,459100,KOSDAQ,500,12572000
윈스테크넷,136540,KOSDAQ,500,12279746
윈팩,097800,KOSDAQ,500,116450229
윈하이텍,192390,KOSDAQ,500,11032229
윌비스,008600,KOSPI,1000,67236039
윙스풋,335870,KOSDAQ,100,16750473
윙입푸드,900340,KOSDAQ,무액면,50330928
유니드,014830,KOSPI,5000,6767600
유니드비티플러스,446070,KOSPI,1000,10611215
유니셈,036200,KOSDAQ,500,30664223
유니슨,018000,KOSDAQ,500,170462412
유니온머티리얼,047400,KOSPI,500,42000000
유니온바이오메트릭스,203450,KOSDAQ,500,14079007
유니온,000910,KOSPI,500,15611619
유니켐,011330,KOSPI,500,97279846
유니퀘스트,077500,KOSPI,500,21600102
유니크,011320,KOSDAQ,500,19320695
유니테스트,086390,KOSDAQ,500,21134126
유니테크노,241690,KOSDAQ,500,24470706
유니트론텍,142210,KOSDAQ,500,19246092
유니포인트,121060,KONEX,500,5981670
유디엠텍,389680,KOSDAQ,100,41559465
유라클,088340,KOSDAQ,500,4358068
유라테크,048430,KOSDAQ,500,11520000
유바이오로직스,206650,KOSDAQ,500,36624236
유비벨록스,089850,KOSDAQ,500,14730199
유비씨,495810,KONEX,100,2500000
유비온,084440,KOSDAQ,100,19712800
유비케어,032620,KOSDAQ,500,52197139
유비쿼스,264450,KOSDAQ,500,14918383
유비쿼스홀딩스,078070,KOSDAQ,500,17604772
유성기업,002920,KOSPI,500,25947500
유성티엔에스,024800,KOSDAQ,500,37051812
유수홀딩스,000700,KOSPI,2500,26041812
유신,054930,KOSDAQ,5000,3000000
유아이디,069330,KOSDAQ,500,14191091
유아이엘,049520,KOSDAQ,500,32247404
유안타제11호스팩,444920,KOSDAQ,100,5240000
유안타제12호스팩,446150,KOSDAQ,100,4770000
유안타제13호스팩,449020,KOSDAQ,100,9730000
유안타제14호스팩,450940,KOSDAQ,100,4540000
유안타제15호스팩,473050,KOSDAQ,100,7010000
유안타제16호스팩,474490,KOSDAQ,100,5510000
유안타제17호스팩,493790,KOSDAQ,100,5310000
유안타증권우,003475,KOSPI,5000,12912212
유안타증권,003470,KOSPI,5000,199596576
유에스티,263770,KOSDAQ,100,23700172
유엑스엔,337840,KONEX,500,4747536
유엔젤,072130,KOSPI,500,12895454
유유제약1우,000225,KOSPI,1000,2266930
유유제약2우B,000227,KOSPI,1000,325560
유유제약,000220,KOSPI,1000,17032351
유일로보틱스,388720,KOSDAQ,500,11483026
유일에너테크,340930,KOSDAQ,500,34204450
유진기업,023410,KOSDAQ,500,77310863
유진스팩10호,468760,KOSDAQ,100,4240000
유진스팩11호,488060,KOSDAQ,100,4720000
유진스팩9호,442130,KOSDAQ,100,3460000
유진로봇,056080,KOSDAQ,500,37512152
유진테크,084370,KOSDAQ,500,22916042
유진테크놀로지,240600,KOSDAQ,500,6928151
유진투자증권,001200,KOSPI,5000,96866418
유투바이오,221800,KOSDAQ,500,11287196
유티아이,179900,KOSDAQ,500,17952629
유틸렉스,263050,KOSDAQ,500,36834856
유한양행우,000105,KOSPI,1000,1180940
유한양행,000100,KOSPI,1000,80209064
유화증권우,003465,KOSPI,1000,17476425
유화증권,003460,KOSPI,1000,56702415
육일씨엔에쓰,191410,KOSDAQ,500,11204255
윤성에프앤씨,372170,KOSDAQ,100,7979048
율촌,146060,KOSDAQ,100,24015595
율촌화학,008730,KOSPI,500,24800000
율호,072770,KOSDAQ,500,71919480
이건산업,008250,KOSPI,5000,10952635
이건홀딩스,039020,KOSDAQ,1000,22584709
이구산업,025820,KOSPI,500,33442000
이글루,067920,KOSDAQ,500,10996119
이글벳,044960,KOSDAQ,500,12641883
이노뎁,303530,KOSDAQ,500,7339299
이노룰스,296640,KOSDAQ,500,5178252
이노메트리,302430,KOSDAQ,500,9833208
이노벡스,279060,KONEX,100,9807866
이노션,214320,KOSPI,500,40000000
이노스페이스,462350,KOSDAQ,1000,9375694
이노시뮬레이션,274400,KOSDAQ,500,7819826
이노와이어리스,073490,KOSDAQ,500,7603846
이노인스트루먼트,215790,KOSDAQ,500,40283149
이노진,344860,KOSDAQ,100,12030000
이녹스,088390,KOSDAQ,500,9385844
이녹스첨단소재,272290,KOSDAQ GLOBAL,500,20227658
이니텍,053350,KOSDAQ,500,19790916
이닉스,452400,KOSDAQ,500,9071428
이랜시스,264850,KOSDAQ,100,30294612
이랜텍,054210,KOSDAQ,500,25291210
이렘,009730,KOSDAQ,500,60940960
이루온,065440,KOSDAQ,500,27275020
이리츠코크렙,088260,KOSPI,500,63341590
이마트,139480,KOSPI,5000,27595819
이뮨온시아,424870,KOSDAQ,500,73004309
이미지스,115610,KOSDAQ,500,17337538
이베스트스팩6호,478110,KOSDAQ,100,5020000
이브이첨단소재,131400,KOSDAQ,500,59589882
이비테크,208850,KONEX,1000,2820250
이삭엔지니어링,351330,KOSDAQ,500,8288520
이상네트웍스,080010,KOSDAQ,500,9835071
이성씨엔아이,379390,KONEX,500,2841460
이수스페셜티케미컬,457190,KOSPI,1000,30208280
이수앱지스,086890,KOSDAQ,500,36937258
이수페타시스,007660,KOSPI,1000,73409219
이수화학,005950,KOSPI,5000,22722739
이스타코,015020,KOSPI,500,42851600
이스트소프트,047560,KOSDAQ,500,11646892
이스트아시아홀딩스,900110,KOSDAQ,무액면,642650588
이스트에이드,239340,KOSDAQ,100,26979634
이씨에스,067010,KOSDAQ,500,12294000
이아이디,093230,KOSPI,200,254384360
이앤에치,341310,KONEX,100,17293400
E8,418620,KOSDAQ,500,12850477
이엔셀,456070,KOSDAQ,500,10901055
이엔에프테크놀로지,102710,KOSDAQ,500,14287836
이엔플러스,074610,KOSPI,500,73374729
이엘씨,041520,KOSDAQ,500,12188730
이엘피,063760,KOSDAQ,500,9325130
이엠넷,123570,KOSDAQ,500,22276078
EMB,278990,KONEX,500,4836831
이엠앤아이,083470,KOSDAQ,500,21340329
이엠코리아,095190,KOSDAQ,500,65260462
이엠텍,091120,KOSDAQ,500,17132936
이엠티,232530,KONEX,500,25614304
이연제약,102460,KOSPI,500,18586811
이오테크닉스,039030,KOSDAQ GLOBAL,500,12319550
이오플로우,294090,KOSDAQ,100,34692105
EDGC,245620,KOSDAQ,100,138493951
이원컴포텍,088290,KOSDAQ,500,37044677
이월드,084680,KOSPI,1000,141806193
EG,037370,KOSDAQ,1000,8624972
이지바이오,353810,KOSDAQ,100,33081920
이지스레지던스리츠,350520,KOSPI,1000,36866202
이지스밸류플러스리츠,334890,KOSPI,1000,51443469
이지케어텍,099750,KOSDAQ,500,6834776
이지트로닉스,377330,KOSDAQ,500,8139954
이지홀딩스,035810,KOSDAQ,500,64516185
이크레더블,092130,KOSDAQ,500,12043600
이트론,096040,KOSDAQ,200,906131295
이퓨쳐,134060,KOSDAQ,500,4769250
이화공영,001840,KOSDAQ,500,22283636
이화산업,000760,KOSPI,5000,2800000
이화전기,024810,KOSDAQ,200,218948640
인디에프,014990,KOSPI,500,75112995
인바디,041830,KOSDAQ,500,13480882
인바이오,352940,KOSDAQ,500,10867730
인바이오젠,101140,KOSPI,500,10044216
인바이츠바이오코아,216400,KONEX,500,7711315
인베니아,079950,KOSDAQ,500,23200000
인벤티지랩,389470,KOSDAQ,500,10684434
인산가,277410,KOSDAQ,100,38356789
인선이엔티,060150,KOSDAQ,500,46563612
인성정보,033230,KOSDAQ,500,50515380
인스웨이브,450520,KOSDAQ,500,14704578
인스코비,006490,KOSPI,500,121426522
인스피언,465480,KOSDAQ,100,10137772
인지디스플레,037330,KOSDAQ,500,43885224
인지소프트,100030,KOSDAQ,500,3283714
인지컨트롤스,023800,KOSPI,500,15809197
인천도시가스,034590,KOSPI,5000,4374754
인카금융서비스,211050,KOSDAQ,100,51379800
인콘,083640,KOSDAQ,100,77720351
인크레더블버즈,064090,KOSDAQ,500,49742745
인크로스,216050,KOSDAQ,500,12843222
인탑스,049070,KOSDAQ,500,17200000
인터로이드,311960,KONEX,500,3062664
인터로조,119610,KOSDAQ,500,13216478
인터엠,017250,KOSDAQ,500,21045467
인터지스,129260,KOSPI,500,29747874
인터플렉스,051370,KOSDAQ,500,23327472
인텍플러스,064290,KOSDAQ,500,12863962
인텔리안테크,189300,KOSDAQ,500,10733334
인투셀,287840,KOSDAQ,500,14829094
인트로메딕,150840,KOSDAQ,100,42997901
인트론바이오,048530,KOSDAQ,500,34150762
인팩,023810,KOSPI,500,10000000
인포바인,115310,KOSDAQ,500,3192883
인포뱅크,039290,KOSDAQ,500,8693978
인피니트헬스케어,071200,KOSDAQ,500,24396458
인화정공,101930,KOSDAQ,500,9615733
일동제약,249420,KOSPI,1000,28062501
일동홀딩스,000230,KOSPI,1000,11540400
일성건설,013360,KOSPI,500,54024880
일성아이에스,003120,KOSPI,1000,13300000
일승,333430,KOSDAQ,100,30726747
일신바이오,068330,KOSDAQ,100,44216140
일신방직,003200,KOSPI,500,22960000
일신석재,007110,KOSPI,500,77456610
일양약품우,007575,KOSPI,2500,445080
일양약품,007570,KOSPI,2500,19085664
일월지엠엘,178780,KOSDAQ,500,17769195
일정실업,008500,KOSPI,5000,1200000
일지테크,019540,KOSDAQ,500,13513500
일진다이아,081000,KOSPI,1000,14202975
일진디스플,020760,KOSPI,500,51513741
일진전기,103590,KOSPI,1000,47685390
일진파워,094820,KOSDAQ,500,15078709
일진하이솔루스,271940,KOSPI,500,36313190
일진홀딩스,015860,KOSPI,1000,49347483
잇츠한불,226320,KOSPI,500,21929315
잉글우드랩,950140,KOSDAQ,0,19867866
잉크테크,049550,KOSDAQ,500,19606277
자람테크놀로지,389020,KOSDAQ,500,6197730
자비스,254120,KOSDAQ,100,30754270
자연과환경,043910,KOSDAQ,500,113391457
자이글,234920,KOSDAQ,500,13530910
자이언트스텝,289220,KOSDAQ,500,22312221
자이에스앤디,317400,KOSPI,1000,38782520
자화전자,033240,KOSPI,500,22155870
장원테크,174880,KOSDAQ,500,4381265
재영솔루텍,049630,KOSDAQ,500,90690889
저스템,417840,KOSDAQ,500,7262750
전방,000950,KOSPI,5000,1680000
전진건설로봇,079900,KOSPI,500,14592545
전진바이오팜,110020,KOSDAQ,500,9058762
정다운,208140,KOSDAQ,100,32684246
정상제이엘에스,040420,KOSDAQ,500,15677552
정원엔시스,045510,KOSDAQ,500,32209292
제너셈,217190,KOSDAQ,500,8769174
제넥신,095700,KOSDAQ,500,45540494
제넨바이오,072520,KOSDAQ,500,74163194
제노레이,122310,KOSDAQ,500,14553844
제노코,361390,KOSDAQ,500,7500789
제노텍,066830,KONEX,500,5667180
제놀루션,225220,KOSDAQ,500,19190021
제닉,123330,KOSDAQ,500,7968680
제닉스,381620,KOSDAQ,100,13117920
제로투세븐,159580,KOSDAQ,500,20032636
제룡산업,147830,KOSDAQ,500,20000000
제룡전기,033100,KOSDAQ,500,16062409
제우스,079370,KOSDAQ,500,31016990
JW신약,067290,KOSDAQ,500,53376126
제이브이엠,054950,KOSDAQ,500,12089892
제이스코홀딩스,023440,KOSDAQ,500,74434929
제이스텍,090470,KOSDAQ,500,17476594
제이씨케미칼,137950,KOSDAQ,500,22267814
제이씨현시스템,033320,KOSDAQ,500,19114432
제이아이테크,417500,KOSDAQ,100,32784744
제이알글로벌리츠,348950,KOSPI,1000,197376000
제이앤티씨,204270,KOSDAQ,500,57848466
제이에스링크,127120,KOSDAQ,500,26978424
제이에스코퍼레이션,194370,KOSPI,100,28223958
제이에스티나,026040,KOSDAQ,500,16503790
제이엔비,452160,KOSDAQ,100,9617527
제이엔케이글로벌,126880,KOSDAQ,500,23204903
제이엘케이,322510,KOSDAQ,100,25528892
제이엠멀티,254160,KONEX,500,5160000
제이엠아이,033050,KOSDAQ,1000,32579342
제이엠티,094970,KOSDAQ,500,16748240
제이오,418550,KOSDAQ,100,32017673
JYP Ent.,035900,KOSDAQ GLOBAL,500,35532492
제이준코스메틱,025620,KOSPI,500,4789257
제이투케이바이오,420570,KOSDAQ,500,5847483
제이티,089790,KOSDAQ,500,10315513
JTC,950170,KOSDAQ,무액면,51746348
제일기획,030000,KOSPI,200,115041225
제일바이오,052670,KOSDAQ,500,29129064
제일약품,271980,KOSPI,500,14704872
제일엠앤에스,412540,KOSDAQ,500,20600665
제일연마,001560,KOSPI,500,9900000
제일일렉트릭,199820,KOSDAQ,500,22220000
제일테크노스,038010,KOSDAQ,500,9000000
제일파마홀딩스,002620,KOSPI,500,15973355
제주반도체,080220,KOSDAQ,500,34442833
제주은행,006220,KOSPI,5000,37798557
제주항공,089590,KOSPI,1000,80640985
제테마,216080,KOSDAQ,500,35858518
젝시믹스,337930,KOSDAQ,500,29881975
젠큐릭스,229000,KOSDAQ,500,15801971
젬백스,082270,KOSDAQ,500,41406061
조광ILI,044060,KOSDAQ,500,95732184
조광페인트,004910,KOSPI,500,12800000
조광피혁,004700,KOSPI,5000,6649138
조비,001550,KOSPI,5000,5192239
조선내화,462520,KOSPI,500,11855168
조선선재,120030,KOSPI,500,1257651
조아제약,034940,KOSDAQ,500,30979827
조이시티,067000,KOSDAQ,500,69903446
조일알미늄,018470,KOSPI,500,126631721
조흥,002600,KOSPI,5000,600000
종근당바이오,063160,KOSPI,2500,5485962
종근당,185750,KOSPI,2500,13802780
종근당홀딩스,001630,KOSPI,2500,5009861
좋은사람들,033340,KOSDAQ,500,96950558
주성엔지니어링,036930,KOSDAQ GLOBAL,500,47268321
주성코퍼레이션,109070,KOSPI,500,52810230
수프로,185190,KONEX,200,9238625
아모센스,357580,KOSDAQ,500,11220264
오스테오닉,226400,KOSDAQ,500,20661601
오픈놀,440320,KOSDAQ,100,9805000
코셋,189350,KONEX,500,4800000
큐라티스,348080,KOSDAQ,500,73862864
동남합성,023450,KOSPI,500,3500000
KCC,002380,KOSPI,5000,8886471
주연테크,044380,KOSPI,200,66403852
기업은행,024110,KOSPI,5000,797425869
중앙백신,072020,KOSDAQ,500,9658687
중앙에너비스,000440,KOSDAQ,500,6227130
중앙첨단소재,051980,KOSDAQ,500,101802299
지노믹트리,228760,KOSDAQ,500,24376642
지놈앤컴퍼니,314130,KOSDAQ,500,31085515
지누스,013890,KOSPI,500,22254576
지니너스,389030,KOSDAQ,500,33351845
지니언스,263860,KOSDAQ,500,9079600
지니틱스,303030,KOSDAQ,100,35745668
지더블유바이텍,036180,KOSDAQ,500,93464524
지란지교시큐리티,208350,KOSDAQ,500,8838549
지슨,289860,KONEX,500,17329579
지씨셀,144510,KOSDAQ,500,15800344
지아이이노베이션,358570,KOSDAQ,500,61614273
지아이텍,382480,KOSDAQ,100,39357140
지앤비에스 에코,382800,KOSDAQ,500,31831041
지앤이헬스케어,299480,KONEX,100,11100743
지어소프트,051160,KOSDAQ,500,15474430
GS글로벌,001250,KOSPI,2500,82533764
GS리테일,007070,KOSPI,1000,83607415
지에스이,053050,KOSDAQ,500,29987597
GS피앤엘,499790,KOSPI,1000,19830841
지에이이노더스,076340,KONEX,500,4871460
GH신소재,130500,KOSDAQ,500,14545052
지에프씨생명과학,388610,KONEX,500,4402509
지엔씨에너지,119850,KOSDAQ,500,16448909
지엔코,065060,KOSDAQ,500,10800804
지엘팜텍,204840,KOSDAQ,100,76965206
지엠비코리아,013870,KOSPI,500,19072280
지역난방공사,071320,KOSPI,5000,11578744
지오엘리먼트,311320,KOSDAQ,500,12614560
지투파워,388050,KOSDAQ,500,18709437
진도,088790,KOSPI,500,12447744
진로발효,018120,KOSDAQ,500,6621120
진매트릭스,109820,KOSDAQ,500,20393640
진바이오텍,086060,KOSDAQ,500,8610587
진성티이씨,036890,KOSDAQ,500,22482268
진시스템,363250,KOSDAQ,500,7032798
진양산업,003780,KOSPI,500,13000000
진양제약,007370,KOSDAQ,500,13001226
진양폴리,010640,KOSPI,500,10000000
진양홀딩스,100250,KOSPI,500,55895292
진양화학,051630,KOSPI,500,21200000
진에어,272450,KOSPI,1000,52200000
진영,285800,KOSDAQ,100,17477270
진원생명과학,011000,KOSPI,1000,84917083
진코스텍,250030,KONEX,500,2589337
진흥기업우B,002785,KOSPI,500,857218
진흥기업2우B,002787,KOSPI,500,294808
진흥기업,002780,KOSPI,500,145471745
질경이,233990,KONEX,100,14764898
차바이오텍,085660,KOSDAQ,500,56314443
차백신연구소,261780,KOSDAQ,500,26865246
크리스탈신소재,900250,KOSDAQ,0.5,130640004
차이커뮤니케이션,351870,KOSDAQ,500,11160642
참엔지니어링,009310,KOSPI,500,16973483
참좋은여행,094850,KOSDAQ,500,14000000
창대정밀,368030,KONEX,5000,1749307
창해에탄올,004650,KOSDAQ,500,9190885
천보,278280,KOSDAQ,500,10000000
천일고속,000650,KOSPI,5000,1429220
청담글로벌,362320,KOSDAQ,500,21051290
체리부로,066360,KOSDAQ,500,47952015
체시스,033250,KOSPI,500,32000000
초록뱀미디어,047820,KOSDAQ,5000,24453930
칩스앤미디어,094360,KOSDAQ,500,21157474
카스,016920,KOSDAQ,500,26493538
카이노스메드,284620,KOSDAQ,500,33086953
카카오게임즈,293490,KOSDAQ GLOBAL,100,82866437
카카오뱅크,323410,KOSPI,5000,476989437
카카오,035720,KOSPI,100,441711295
카카오페이,377300,KOSPI,500,134693503
카티스,140430,KOSDAQ,100,19102219
카페24,042000,KOSDAQ,500,24253054
카프로,006380,KOSPI,500,168999996
캐리,313760,KOSDAQ,500,11207186
캐리소프트,317530,KOSDAQ,500,10039454
캐스텍코리아,071850,KOSDAQ,500,24260938
캔버스엔,210120,KOSDAQ,200,23582605
캠시스,050110,KOSDAQ,500,73824118
캡스톤파트너스,452300,KOSDAQ,200,14100755
컨텍,451760,KOSDAQ,500,15252196
컬러레이,900310,KOSDAQ,무액면,64041675
컴투스,078340,KOSDAQ GLOBAL,500,12737755
컴투스홀딩스,063080,KOSDAQ,500,6595192
컴퍼니케이,307930,KOSDAQ,500,15610000
케스피온,079190,KOSDAQ,500,38355514
케어랩스,263700,KOSDAQ,500,19414200
케어젠,214370,KOSDAQ,100,53715000
케이디켐,221980,KOSDAQ,500,4034800
케이바이오,038530,KOSDAQ,100,115714347
KB발해인프라,415640,KOSPI,무액면,122545548
케이비아이동국실업,001620,KOSPI,500,111293031
KBI메탈,024840,KOSDAQ,500,34909199
KB제25호스팩,455250,KOSDAQ,100,4305000
KB제27호스팩,464680,KOSDAQ,100,12905000
KB제28호스팩,476470,KOSDAQ,100,5505000
KB제29호스팩,478390,KOSDAQ,100,6220000
KB제30호스팩,486630,KOSDAQ,100,5310000
KB제31호스팩,492220,KOSDAQ,100,6210000
KBG,318000,KOSDAQ,200,8740223
케이사인,192250,KOSDAQ,1000,7067125
케이쓰리아이,431190,KOSDAQ,500,7486442
KC그린홀딩스,009440,KOSPI,500,23239141
케이씨,029460,KOSPI,500,13231263
KC산업,112190,KONEX,500,7125253
KCC건설,021320,KOSDAQ,5000,21400000
KCC글라스,344820,KOSPI,1000,15970512
케이씨에스,115500,KOSDAQ,500,12000000
KC코트렐,119650,KOSPI,500,18627753
케이씨텍,281820,KOSPI,500,20690323
케이씨티,089150,KOSDAQ,500,17150000
케이씨피드,025880,KOSDAQ,500,16715858
케이아이엔엑스,093320,KOSDAQ,500,4880000
케이알엠,093640,KOSDAQ,500,32606724
KSS해운,044450,KOSPI,500,23085880
KS인더스트리,101000,KOSDAQ,500,33446802
케이에스피,073010,KOSDAQ,500,40191250
KH 건설,226360,KOSDAQ,100,26464732
KH 미래물산,111870,KOSDAQ,500,7042251
KH바텍,060720,KOSDAQ,500,23677442
KX,122450,KOSDAQ,500,45335964
KX하이텍,052900,KOSDAQ,500,55107517
케이엔더블유,105330,KOSDAQ,500,16060028
케이엔솔,053080,KOSDAQ,500,12999807
케이엔알시스템,199430,KOSDAQ,100,10867713
케이엔에스,432470,KOSDAQ,100,8771556
KNN,058400,KOSDAQ,500,132429720
케이엔제이,272110,KOSDAQ,500,8025395
케이엘넷,039420,KOSDAQ,500,24154730
케이엠,083550,KOSDAQ,500,12950887
케이엠더블유,032500,KOSDAQ,500,39820883
케이엠제약,225430,KOSDAQ,100,27887050
케이옥션,102370,KOSDAQ,500,27229210
케이웨더,068100,KOSDAQ,500,9939614
KEC,092220,KOSPI,500,200763141
케이이엠텍,106080,KOSDAQ,1000,25135465
KZ정밀,036560,KOSDAQ,500,15750000
KG모빌리언스,046440,KOSDAQ,500,38010802
KG에코솔루션,151860,KOSDAQ,500,47603002
KG이니시스,035600,KOSDAQ,500,27554434
케이카,381970,KOSPI,500,48182073
케이탑리츠,145270,KOSPI,1000,48060774
KT나스미디어,089600,KOSDAQ,500,11568163
KT밀리의서재,418470,KOSDAQ,500,8499289
KT,030200,KOSPI,5000,252021685
스카이라이프,053210,KOSPI,2500,47522955
KTcs,058850,KOSPI,500,42685000
KTis,058860,KOSPI,500,34802000
케이티알파,036030,KOSDAQ,1000,49019283
KT&G,033780,KOSPI,5000,122062497
KT지니뮤직,043610,KOSDAQ,500,58115438
케이프,064820,KOSDAQ,500,30901728
케이피에프,024880,KOSDAQ,500,20682798
케이피엠테크,042040,KOSDAQ,100,194004890
케이피티유,054410,KOSDAQ,500,5726444
케일럼,258610,KOSDAQ,500,26787133
켄코아에어로스페이스,274090,KOSDAQ,500,13104750
켈스,402420,KONEX,500,2226540
켐트로닉스,089010,KOSDAQ,500,15334346
켐트로스,220260,KOSDAQ,100,26558307
코나솔,176590,KONEX,500,5823333
코나아이,052400,KOSDAQ,500,14563291
코난테크놀로지,402030,KOSDAQ,500,11467288
코닉오토메이션,391710,KOSDAQ,100,42065086
코다코,046070,KOSDAQ,500,15486089
코데즈컴바인,047770,KOSDAQ,500,37842602
코디,080530,KOSDAQ,500,45932005
코람코더원리츠,417310,KOSPI,500,40400000
코람코라이프인프라리츠,357120,KOSPI,500,97335354
코렌텍,104540,KOSDAQ,500,12785740
코리아나,027050,KOSDAQ,500,40000000
코리아써우,007815,KOSPI,500,2964690
코리아써키트2우B,00781K,KOSPI,500,783699
코리아써키트,007810,KOSPI,500,23620751
코리아에셋투자증권,190650,KOSDAQ,5000,6388000
코리아에프티,123410,KOSDAQ,100,27841064
코리안리,003690,KOSPI,500,194821031
코맥스,036690,KOSDAQ,500,15904938
코메론,049430,KOSDAQ,500,9048000
코미코,183300,KOSDAQ GLOBAL,500,10460684
코미팜,041960,KOSDAQ,100,72439823
코세스,089890,KOSDAQ,500,16584962
코셈,360350,KOSDAQ,500,5704970
코스나인,082660,KOSDAQ,500,99640869
코스맥스,192820,KOSPI,500,11349509
코스맥스비티아이,044820,KOSPI,500,9603921
코스맥스엔비티,222040,KOSDAQ,500,20628000
코스메카코리아,241710,KOSDAQ,500,10680000
코스모신소재,005070,KOSPI,1000,32510756
코스모화학,005420,KOSPI,1000,38408228
코스텍시스,355150,KOSDAQ,500,7797350
코스텍시스템,169670,KONEX,500,2868401
코아스,071950,KOSPI,500,3290720
코아스템켐온,166480,KOSDAQ,500,32870376
코아시아,045970,KOSDAQ,500,26314876
코아시아씨엠,196450,KOSDAQ,1000,45319582
코어라인소프트,384470,KOSDAQ,500,12841064
코엔텍,029960,KOSDAQ,500,48580720
코오롱우,002025,KOSPI,5000,1076390
코오롱글로벌우,003075,KOSPI,5000,740737
코오롱글로벌,003070,KOSPI,5000,18932713
코오롱모빌리티그룹우,45014K,KOSPI,500,2456120
코오롱모빌리티그룹,450140,KOSPI,500,62777250
코오롱,002020,KOSPI,5000,12626426
코오롱생명과학,102940,KOSDAQ,500,12423387
코오롱ENP,138490,KOSPI,1000,38000000
코오롱인더우,120115,KOSPI,5000,2767860
코오롱인더,120110,KOSPI,5000,27519091
코오롱티슈진,950160,KOSDAQ,0,81600955
코웨이,021240,KOSPI,500,71909133
코웰패션,033290,KOSDAQ,500,56156301
코위버,056360,KOSDAQ,500,9796800
코윈테크,282880,KOSDAQ,500,11469370
코이즈,121850,KOSDAQ,500,30614175
코츠테크놀로지,448710,KOSDAQ,100,5260589
코칩,126730,KOSDAQ,500,8503460
코콤,015710,KOSDAQ,500,17530500
코텍,052330,KOSDAQ,500,16527174
코퍼스코리아,322780,KOSDAQ,100,37932613
콘텐트리중앙,036420,KOSPI,5000,19262308
콜마비앤에이치,200130,KOSDAQ GLOBAL,500,29415558
콜마홀딩스,024720,KOSPI,500,34296259
쿠콘,294570,KOSDAQ,500,10254685
쿠쿠홀딩스,192400,KOSPI,100,35562185
쿠쿠홈시스,284740,KOSPI,100,22437330
퀀타매트릭스,317690,KOSDAQ,500,18144289
퀀텀온,227100,KOSDAQ,500,24134182
퀄리타스반도체,432720,KOSDAQ,500,14011412
큐라켐,456190,KONEX,500,1754286
큐라클,365270,KOSDAQ,500,14009155
큐러블,086460,KONEX,500,2939400
큐렉소,060280,KOSDAQ,500,41089990
큐로셀,372320,KOSDAQ,500,14323581
큐로홀딩스,051780,KOSDAQ,500,23242245
큐리언트,115180,KOSDAQ,500,33725867
큐리옥스바이오시스템즈,445680,KOSDAQ,500,16148980
큐브엔터,182360,KOSDAQ,500,15002490
큐알티,405100,KOSDAQ,500,12289301
큐에스아이,066310,KOSDAQ,500,9271621
큐엠씨,136660,KONEX,500,2360950
큐캐피탈,016600,KOSDAQ,500,178247112
크라우드웍스,355390,KOSDAQ,500,9307914
크라운제과우,26490K,KOSPI,200,773560
크라운제과,264900,KOSPI,200,12523850
크라운해태홀딩스우,005745,KOSPI,500,600726
크라운해태홀딩스,005740,KOSPI,500,14847347
크래프톤,259960,KOSPI,100,47919399
크레버스,096240,KOSDAQ,500,11138180
크레오에스지,040350,KOSDAQ,500,193205323
크로넥스,215570,KONEX,500,5078057
크리스에프앤씨,110790,KOSDAQ,500,23430960
크린앤사이언스,045520,KOSDAQ,500,6500000
클래시스,214150,KOSDAQ GLOBAL,100,65505659
클로봇,466100,KOSDAQ,500,24651339
클리오,237880,KOSDAQ,500,18071353
키네마스터,139670,KOSDAQ,500,14118810
키다리스튜디오,020120,KOSPI,500,37063766
키스트론,475430,KOSDAQ,500,17848110
키움제10호스팩,487720,KOSDAQ,100,4230000
키움제11호스팩,489480,KOSDAQ,100,6600000
키움제8호스팩,446840,KOSDAQ,100,5880000
키움증권,039490,KOSPI,5000,24476706
키이스트,054780,KOSDAQ,500,19547793
킵스파마,256940,KOSDAQ,500,19076310
타스컴,336040,KONEX,500,4684534
타이거일렉,219130,KOSDAQ,500,6314290
타이드,346010,KONEX,500,4860062
타임기술,318660,KONEX,500,2152101
타조엔터테인먼트,476710,KONEX,100,1000000
탈로스,434190,KONEX,500,7369434
탑런토탈솔루션,336680,KOSDAQ,500,19572779
탑머티리얼,360070,KOSDAQ,500,8143543
탑선,180060,KONEX,500,9347666
탑엔지니어링,065130,KOSDAQ,500,16330482
탑코미디어,134580,KOSDAQ,500,49294149
태경비케이,014580,KOSPI,500,27583100
태경산업,015890,KOSPI,500,29228750
태경케미컬,006890,KOSPI,500,11600000
태광,023160,KOSDAQ,500,26500000
태광산업,003240,KOSPI,5000,1113400
태림포장,011280,KOSPI,500,70805940
태성,323280,KOSDAQ,100,30500730
태양,053620,KOSDAQ,500,8600000
태양3C,052960,KONEX,500,4887078
태양금속우,004105,KOSPI,500,3300000
태양금속,004100,KOSPI,500,36700000
태양기계,116100,KONEX,500,7439986
태영건설,009410,KOSPI,500,294467874
태영건설우,009415,KOSPI,500,649974
태웅,044490,KOSDAQ,500,20007381
태웅로직스,124560,KOSDAQ,100,37916584
태원물산,001420,KOSPI,500,7600000
테고사이언스,191420,KOSDAQ,500,8108834
테라사이언스,073640,KOSDAQ,100,106378770
테라젠이텍스,066700,KOSDAQ,500,37152376
테스,095610,KOSDAQ,500,19768226
테이팩스,055490,KOSPI,500,4769650
테크엔,308700,KONEX,100,7400000
테크엘,064520,KOSDAQ,500,22351062
테크윙,089030,KOSDAQ,500,37353645
테크트랜스,258050,KONEX,100,9994242
텔레칩스,054450,KOSDAQ,500,15144233
텔코웨어,078000,KOSPI,500,9240077
텔콘RF제약,200230,KOSDAQ,1000,12025023
토니모리,214420,KOSPI,200,24054799
토마토시스템,393210,KOSDAQ,500,15614544
토모큐브,475960,KOSDAQ,500,13170874
토박스코리아,215480,KOSDAQ,500,9180000
토비스,051360,KOSDAQ,500,16067058
토탈소프트,045340,KOSDAQ,500,8558040
톱텍,108230,KOSDAQ,500,38023245
투비소프트,079970,KOSDAQ,500,11422478
툴젠,199800,KOSDAQ,500,8582555
트루엔,417790,KOSDAQ,100,10999650
트윔,290090,KOSDAQ,500,7440268
특수건설,026150,KOSDAQ,500,17546331
티디에스팜,464280,KOSDAQ,100,5530000
티로보틱스,117730,KOSDAQ,500,18782090
티비씨,033830,KOSDAQ,500,100000000
티사이언티픽,057680,KOSDAQ,500,71248501
티쓰리,204610,KOSDAQ,100,61321720
티씨머티리얼즈,125020,KOSDAQ,500,34227815
티씨케이,064760,KOSDAQ GLOBAL,500,11675000
티앤알바이오팹,246710,KOSDAQ,500,21546828
티앤엘,340570,KOSDAQ,500,8128000
티에스넥스젠,043220,KOSDAQ,500,159224163
티에스아이,277880,KOSDAQ,500,20206248
티에스이,131290,KOSDAQ,500,11061429
TS인베스트먼트,246690,KOSDAQ,500,41477862
TS트릴리온,317240,KOSDAQ,100,107240922
티에이치엔,019180,KOSPI,500,18000000
티에프이,425420,KOSDAQ,100,11381000
티엑스알로보틱스,484810,KOSDAQ,500,15450915
티엔엔터테인먼트,131100,KOSDAQ,500,28048252
티엘비,356860,KOSDAQ,500,9832630
티엘엔지니어링,413300,KONEX,500,1351515
TYM,002900,KOSPI,2500,45050956
티와이홀딩스우,36328K,KOSPI,500,1243014
티와이홀딩스,363280,KOSPI,500,50429268
티움바이오,321550,KOSDAQ,500,26731278
티웨이항공,091810,KOSPI,500,215378976
티웨이홀딩스,004870,KOSPI,500,113163494
티이엠씨,425040,KOSDAQ,500,21329082
티이엠씨씨엔에스,241790,KOSDAQ,500,10002634
TJ미디어,032540,KOSDAQ,500,13931609
TKG애강,022220,KOSDAQ,500,51794579
TKG휴켐스,069260,KOSPI,1000,40878588
티케이케미칼,104480,KOSDAQ,500,90895434
티플랙스,081150,KOSDAQ,500,24268402
TP,007980,KOSPI,500,51175130
티피씨글로벌,130740,KOSDAQ,500,11276679
TPC,048770,KOSDAQ,500,15697991
틸론,217880,KONEX,500,10727290
팅크웨어,084730,KOSDAQ,500,11109424
파두,440110,KOSDAQ,100,49428413
파라다이스,034230,KOSPI,500,91771623
파라텍,033540,KOSDAQ,500,37751063
파로스아이바이오,388870,KOSDAQ,500,12945932
파루,043200,KOSDAQ,500,41804315
파마리서치,214450,KOSDAQ GLOBAL,500,10509600
파마리서치바이오,217950,KONEX,500,4064391
파멥신,208340,KOSDAQ,500,80201108
파미셀,005690,KOSPI,500,60016964
파버나인,177830,KOSDAQ,500,13493951
파세코,037070,KOSDAQ,500,20000000
파수,150900,KOSDAQ,500,11685422
파워넷,037030,KOSDAQ,1000,21878974
파워로직스,047310,KOSDAQ,500,36610755
파워풀엑스,266870,KONEX,500,6408680
파이버프로,368770,KOSDAQ,100,32854225
파이오링크,170790,KOSDAQ,500,6856330
파인디앤씨,049120,KOSDAQ,500,52012744
파인디지털,038950,KOSDAQ,500,10210765
파인메딕스,387570,KOSDAQ,100,5625900
파인엠텍,441270,KOSDAQ,500,36987901
파인테크닉스,106240,KOSDAQ,500,16999340
파인텍,131760,KOSDAQ,500,43431583
파커스,065690,KOSDAQ,500,14049331
파크시스템스,140860,KOSDAQ,500,6989977
파트론,091700,KOSDAQ GLOBAL,500,57000000
판도라티비,202960,KONEX,500,11915582
판타지오,032800,KOSDAQ,500,45957058
팜스빌,318010,KOSDAQ,500,7929338
팜스코,036580,KOSPI,500,36727943
팜스토리,027710,KOSDAQ,500,111416600
팜젠사이언스,004720,KOSPI,500,18201304
팡스카이,266350,KONEX,500,12149570
패션플랫폼,225590,KOSDAQ,100,26636713
팬스타엔터프라이즈,054300,KOSDAQ,500,115741890
팬엔터테인먼트,068050,KOSDAQ,500,27694076
팬오션,028670,KOSPI,1000,534569512
팬젠,222110,KOSDAQ,500,13494197
팸텍,271830,KOSDAQ,100,29490202
퍼스텍,010820,KOSPI,500,48771938
퍼시스,016800,KOSPI,1000,11500000
펄어비스,263750,KOSDAQ GLOBAL,100,64247855
펌텍코리아,251970,KOSDAQ,500,12400000
페이퍼코리아,001020,KOSPI,500,177983313
펨토바이오메드,327610,KONEX,500,8482157
펨트론,168360,KOSDAQ,500,21288284
펩트론,087010,KOSDAQ,500,23297350
평화산업,090080,KOSPI,500,54902259
평화홀딩스,010770,KOSPI,500,14625466
포니링크,064800,KOSDAQ,100,127807298
포메탈,119500,KOSDAQ,500,11847232
포바이포,389140,KOSDAQ,500,11112735
포스뱅크,105760,KOSDAQ,500,9641010
포스코DX,022100,KOSPI,500,152034729
포스코스틸리온,058430,KOSPI,5000,6000000
포스코인터내셔널,047050,KOSPI,5000,175922788
포스코퓨처엠,003670,KOSPI,500,77463220
POSCO홀딩스,005490,KOSPI,5000,80932952
포시에스,189690,KOSDAQ,500,27321969
포인트모바일,318020,KOSDAQ,100,12662272
포인트엔지니어링,256630,KOSDAQ,100,57997072
포커스에이아이,331380,KOSDAQ,100,22725452
포톤,208710,KOSDAQ,500,13180132
폰드그룹,472850,KOSDAQ,500,32343933
폴라리스세원,234100,KOSDAQ,100,65524325
폴라리스AI,039980,KOSDAQ,500,72696064
폴라리스AI파마,041910,KOSDAQ,500,13501607
폴라리스오피스,041020,KOSDAQ,500,49725498
폴라리스우노,114630,KOSDAQ,500,87947548
푸드나무,290720,KOSDAQ,500,24529926
푸드웰,005670,KOSDAQ,500,10000000
푸른기술,094940,KOSDAQ,500,8361386
푸른소나무,057880,KOSDAQ,500,24580368
푸른저축은행,007330,KOSDAQ,1000,15082800
풀무원,017810,KOSPI,500,38120542
풍강,093380,KOSDAQ,500,9879313
풍국주정,023900,KOSDAQ,500,12600000
풍산,103140,KOSPI,5000,28024278
풍산홀딩스,005810,KOSPI,5000,14417292
풍원정밀,371950,KOSDAQ,500,21040488
퓨런티어,370090,KOSDAQ,500,8556830
퓨릿,445180,KOSDAQ,500,16769188
퓨처코어,151910,KOSDAQ,100,190071722
퓨쳐메디신,341170,KONEX,500,10533205
퓨쳐켐,220100,KOSDAQ,500,22102155
프럼파스트,035200,KOSDAQ,500,9730590
프레스티지바이오로직스,334970,KOSDAQ,500,77417637
프레스티지바이오파마,950210,KOSPI,무액면,60096155
프로이천,321260,KOSDAQ,100,28192084
프로젠,296160,KONEX,500,14290193
프로텍,053610,KOSDAQ,500,11000000
프로티아,303360,KOSDAQ,500,12877215
프롬바이오,377220,KOSDAQ,100,28310000
프리시젼바이오,335810,KOSDAQ,500,11614526
프리엠스,053160,KOSDAQ,500,6000000
플라즈맵,405000,KOSDAQ,500,3838444
플래스크,041590,KOSDAQ,500,48972158
플래티어,367000,KOSDAQ,500,8388207
플랜티넷,075130,KOSDAQ,500,16622320
플럼라인생명과학,222670,KONEX,500,3665504
플레이그램,009810,KOSPI,100,151887500
플레이디,237820,KOSDAQ,500,12827140
플레이위드,023770,KOSDAQ,500,8766820
플루토스,019570,KOSDAQ,500,65310042
플리토,300080,KOSDAQ,500,5501817
피노,033790,KOSDAQ,500,22822800
피델릭스,032580,KOSDAQ,500,33132064
피씨디렉트,051380,KOSDAQ,500,15340072
피씨엘,241820,KOSDAQ,500,59171967
피아이이,452450,KOSDAQ,100,35826000
PI첨단소재,178920,KOSPI,500,29366322
피앤씨테크,237750,KOSDAQ,500,6496600
피앤에스미캐닉스,460940,KOSDAQ,500,6471740
PS일렉트로닉스,332570,KOSDAQ,500,44176320
피에스케이,319660,KOSDAQ GLOBAL,500,28966714
피에스케이홀딩스,031980,KOSDAQ,500,21562395
피에스텍,002230,KOSDAQ,500,19273820
피에이치에이,043370,KOSDAQ,500,21000000
피엔에이치테크,239890,KOSDAQ,500,9935755
피엔케이피부임상연구센타,347740,KOSDAQ,500,30010576
피엔티,137400,KOSDAQ GLOBAL,500,23743086
피엔티엠에스,257370,KOSDAQ,500,12504861
PN풍년,024940,KOSDAQ,500,10000000
피엠티,147760,KOSDAQ,500,10819866
피제이메탈,128660,KOSDAQ,500,24803369
피제이전자,006140,KOSDAQ,500,15000000
PKC,001340,KOSPI,500,44918407
피코그램,376180,KOSDAQ,100,18491378
피플바이오,304840,KOSDAQ,500,21228311
픽셀플러스,087600,KOSDAQ,500,8166558
핀텔,291810,KOSDAQ,500,11357712
필에너지,378340,KOSDAQ,500,21377882
필옵틱스,161580,KOSDAQ,500,22885732
핌스,347770,KOSDAQ,500,22857042
핑거,163730,KOSDAQ,500,9365608
핑거스토리,417180,KOSDAQ,100,16816209
하나26호스팩,446750,KOSDAQ,100,6030000
하나27호스팩,448370,KOSDAQ,100,5620000
하나28호스팩,454750,KOSDAQ,100,7202000
하나29호스팩,454640,KOSDAQ,100,5401000
하나30호스팩,469880,KOSDAQ,100,7305000
하나31호스팩,469900,KOSDAQ,100,5605000
하나32호스팩,475240,KOSDAQ,100,3200000
하나33호스팩,475250,KOSDAQ,100,3700000
하나34호스팩,484130,KOSDAQ,100,4520000
하나금융지주,086790,KOSPI,5000,284723889
하나기술,299030,KOSDAQ,500,7994910
하나마이크론,067310,KOSDAQ,500,66271949
하나머티리얼즈,166090,KOSDAQ GLOBAL,500,19777674
하나제약,293480,KOSPI,500,17772946
하나투어,039130,KOSPI,500,15489932
하림,136480,KOSDAQ,500,106209702
하림지주,003380,KOSDAQ GLOBAL,100,112005621
하스,450330,KOSDAQ,500,7836009
하이드로리튬,101670,KOSDAQ,200,54169970
하이딥,365590,KOSDAQ,100,154783114
하이로닉,149980,KOSDAQ,100,18594363
하이록코리아,013030,KOSDAQ,500,12295442
하이브,352820,KOSPI,500,41652097
하이비젼시스템,126700,KOSDAQ,500,14942112
하이스틸,071090,KOSPI,500,20191471
하이제8호스팩,450050,KOSDAQ,100,5014000
하이젠알앤엠,160190,KOSDAQ,500,30888000
하이즈항공,221840,KOSDAQ,500,18700561
하이텍팜,106190,KOSDAQ,500,10633173
하이트진로2우B,000087,KOSPI,5000,1130138
하이트진로,000080,KOSPI,5000,70133611
하이트진로홀딩스우,000145,KOSPI,5000,470810
하이트진로홀딩스,000140,KOSPI,5000,23206765
하이퍼코퍼레이션,065650,KOSDAQ,500,106681731
하츠,066130,KOSDAQ,500,12800000
한국가구,004590,KOSDAQ,100,15000000
한국가스공사,036460,KOSPI,5000,92313000
한국경제TV,039340,KOSDAQ,500,22500000
한국공항,005430,KOSPI,5000,3166355
한국기업평가,034950,KOSDAQ,5000,4540514
한국내화,010040,KOSPI,500,41067062
한국단자,025540,KOSPI,500,10115000
한국맥널티,222980,KOSDAQ,500,11031483
한국무브넥스,010100,KOSPI,1000,30450420
한국미라클피플사,331660,KONEX,500,1100000
한국비엔씨,256840,KOSDAQ,100,68394886
한국비티비,219750,KOSDAQ,100,65426885
한국석유,004090,KOSPI,500,12694120
한국선재,025550,KOSDAQ,500,25514004
한국수출포장,002200,KOSPI,500,40000000
한국쉘석유,002960,KOSPI,5000,1300000
한국알콜,017890,KOSDAQ,500,21605760
한국앤컴퍼니,000240,KOSPI,500,94935240
유나이티드제약,033270,KOSPI,500,16333822
한국유니온제약,080720,KOSDAQ,500,7912828
한국자산신탁,123890,KOSPI,500,122373926
한국전력,015760,KOSPI,5000,641964077
한전기술,052690,KOSPI,200,38220000
한국전자인증,041460,KOSDAQ,500,19000000
한국전자홀딩스,006200,KOSPI,500,46803136
한국정밀기계,101680,KOSDAQ,500,8404000
한국정보공학,039740,KOSDAQ,500,8018397
한국정보인증,053300,KOSDAQ,500,42441361
한국정보통신,025770,KOSDAQ,500,37444271
한국제12호스팩,458610,KOSDAQ,100,4230000
한국제13호스팩,464440,KOSDAQ,100,4320000
한국제15호스팩,479880,KOSDAQ,100,6870000
한국제지,027970,KOSPI,1000,190178237
한국종합기술,023350,KOSPI,500,10950000
한국주강,025890,KOSPI,500,11309259
한국주철관,000970,KOSPI,500,22800500
한국철강,104700,KOSPI,1000,36450000
한국첨단소재,062970,KOSDAQ,500,19736818
한국카본,017960,KOSPI,500,51908452
한국캐피탈,023760,KOSDAQ,500,315609576
한국컴퓨터,054040,KOSDAQ,500,16071290
한국콜마,161890,KOSPI,500,23605077
한국큐빅,021650,KOSDAQ,500,16350563
한국타이어앤테크놀로지,161390,KOSPI,500,123875069
한국토지신탁,034830,KOSPI,1000,252489230
한국ANKOR유전,152550,KOSPI,무액면,70020000
한국금융지주우,071055,KOSPI,5000,5858251
한국금융지주,071050,KOSPI,5000,55725992
한국특강,007280,KOSPI,500,60813311
한국파마,032300,KOSDAQ,500,10906701
한국팩키지,037230,KOSDAQ,500,29800327
한국피아이엠,448900,KOSDAQ,500,6004457
한국항공우주,047810,KOSPI,5000,97475107
한국화장품,123690,KOSPI,500,16068000
한국화장품제조,003350,KOSPI,500,4532000
한글과컴퓨터,030520,KOSDAQ,500,24179744
한네트,052600,KOSDAQ,500,11563700
한농화성,011500,KOSPI,500,15637042
한독,002390,KOSPI,500,13763533
한독크린텍,256150,KOSDAQ,500,8395000
한라IMS,092460,KOSDAQ,500,17109680
한미글로벌,053690,KOSPI,500,10957550
한미반도체,042700,KOSPI,100,96614259
한미사이언스,008930,KOSPI,500,68391550
한미약품,128940,KOSPI,2500,12810991
한빛레이저,452190,KOSDAQ,100,23366557
한빛소프트,047080,KOSDAQ,500,24822362
한샘,009240,KOSPI,1000,23533928
한선엔지니어링,452280,KOSDAQ,500,17265750
한섬,020000,KOSPI,500,22437747
한성기업,003680,KOSPI,5000,6209515
한성크린텍,066980,KOSDAQ,500,51935125
한세실업,105630,KOSPI,500,40000000
한세엠케이,069640,KOSPI,500,30106502
한세예스24홀딩스,016450,KOSPI,500,40000000
한솔PNS,010420,KOSPI,500,20493012
한솔로지스틱스,009180,KOSPI,500,28155825
한솔아이원스,114810,KOSDAQ,500,28593174
한솔인티큐브,070590,KOSDAQ,500,13879521
한솔제지,213500,KOSPI,5000,23800576
한솔케미칼,014680,KOSPI,5000,11335195
한솔테크닉스,004710,KOSPI,5000,32109878
한솔홀딩스,004150,KOSPI,1000,41026620
한솔홈데코,025750,KOSPI,1000,80565149
한송네오텍,226440,KOSDAQ,100,65739186
한스바이오메드,042520,KOSDAQ,500,13526367
한신공영,004960,KOSPI,5000,11570702
한신기계,011700,KOSPI,500,32446151
한싹,430690,KOSDAQ,500,10895327
한양디지텍,078350,KOSDAQ,500,15244382
한양이엔지,045100,KOSDAQ,500,18000000
한양증권우,001755,KOSPI,5000,525000
한양증권,001750,KOSPI,5000,12728534
한온시스템,018880,KOSPI,100,678762552
한올바이오파마,009420,KOSPI,500,52240638
한울반도체,320000,KOSDAQ,100,32246979
한울소재과학,091440,KOSDAQ,500,27544844
한울앤제주,276730,KOSDAQ,500,15677356
한익스프레스,014130,KOSPI,500,12000000
한일단조,024740,KOSDAQ,500,32897049
한일사료,005860,KOSDAQ,500,39403685
한일시멘트,300720,KOSPI,500,69261540
한일철강,002220,KOSPI,500,26697460
한일현대시멘트,006390,KOSPI,5000,19327672
한일홀딩스,003300,KOSPI,1000,30832884
한일화학,007770,KOSDAQ,500,3510000
한전KPS,051600,KOSPI,200,45000000
한전산업,130660,KOSPI,500,32600000
한주라이트메탈,198940,KOSDAQ,500,38922978
한주에이알티,058450,KOSDAQ,500,14793621
한중엔시에스,107640,KOSDAQ,500,9057946
한진,002320,KOSPI,5000,14947628
한진중공업홀딩스,003480,KOSPI,5000,29529812
한진칼우,18064K,KOSPI,2500,536766
한진칼,180640,KOSPI,2500,66762279
한창,005110,KOSPI,500,18606407
한창산업,079170,KOSDAQ,500,5200000
한창제지,009460,KOSPI,500,59667486
한컴라이프케어,372910,KOSPI,200,27674406
한컴위드,054920,KOSDAQ,500,28217081
한켐,457370,KOSDAQ,500,8027134
한탑,002680,KOSDAQ,500,32316799
한텍,098070,KOSDAQ,5000,11121141
한화우,000885,KOSPI,5000,199033
한화3우B,00088K,KOSPI,5000,19404441
한화갤러리아우,45226K,KOSPI,500,2904470
한화갤러리아,452260,KOSPI,500,193859610
한화리츠,451800,KOSPI,500,179600000
한화,000880,KOSPI,5000,74958735
한화비전,489790,KOSPI,500,50488390
한화생명,088350,KOSPI,5000,868530000
한화손해보험,000370,KOSPI,5000,116738915
한화솔루션우,009835,KOSPI,5000,2575349
한화솔루션,009830,KOSPI,5000,171892536
한화시스템,272210,KOSPI,5000,188919389
한화에어로스페이스,012450,KOSPI,5000,47296201
한화엔진,082740,KOSPI,1000,83447142
한화오션,042660,KOSPI,5000,306413394
한화투자증권우,003535,KOSPI,5000,4800000
한화투자증권,003530,KOSPI,5000,214547775
한화플러스제4호스팩,455310,KOSDAQ,100,5060000
한화플러스제5호스팩,498390,KOSDAQ,100,4960000
해성디에스,195870,KOSPI,5000,17000000
해성산업,034810,KOSDAQ,500,32556857
해성산업1우,03481K,KOSDAQ,500,1388922
해성에어로보틱스,059270,KOSDAQ,500,11140799
해성옵틱스,076610,KOSDAQ,500,25453198
해태제과식품,101530,KOSPI,500,29116822
핸디소프트,220180,KOSDAQ,500,19408000
핸즈코퍼레이션,143210,KOSPI,500,21875747
헝셩그룹,900270,KOSDAQ,무액면,176282336
헥토이노베이션,214180,KOSDAQ,500,13124613
헥토파이낸셜,234340,KOSDAQ,500,9453000
헬릭스미스,084990,KOSDAQ,500,46092797
현대건설우,000725,KOSPI,5000,1054693
현대건설,000720,KOSPI,5000,111355765
현대공업,170030,KOSDAQ,500,15340000
현대그린푸드,453340,KOSPI,500,33135540
현대글로비스,086280,KOSPI,500,75000000
현대로템,064350,KOSPI,5000,109142293
현대리바트,079430,KOSPI,1000,20535282
현대모비스,012330,KOSPI,5000,92995094
현대무벡스,319400,KOSDAQ,100,117845901
현대바이오랜드,052260,KOSDAQ,500,30000000
현대바이오,048410,KOSDAQ,500,48021608
현대백화점,069960,KOSPI,5000,22628813
현대비앤지스틸,004560,KOSPI,5000,15078811
현대사료,016790,KOSDAQ,100,188471729
현대약품,004310,KOSPI,500,32000000
현대에버다임,041440,KOSDAQ,500,17915944
현대ADM,187660,KOSDAQ,100,42989179
현대에이치티,039010,KOSDAQ,500,8625000
현대엘리베이터,017800,KOSPI,5000,39092385
현대오토에버,307950,KOSPI,500,27423982
현대위아,011210,KOSPI,5000,27195083
현대이지웰,090850,KOSDAQ,500,23746361
현대차우,005385,KOSPI,5000,23340960
현대차2우B,005387,KOSPI,5000,34963930
현대차3우B,005389,KOSPI,5000,2327452
현대차,005380,KOSPI,5000,204757766
현대제철,004020,KOSPI,5000,133445785
현대지에프홀딩스,005440,KOSPI,500,155904301
현대차증권,001500,KOSPI,5000,61833044
현대코퍼레이션,011760,KOSPI,5000,13228966
현대코퍼레이션홀딩스,227840,KOSPI,5000,9100836
현대퓨처넷,126560,KOSPI,500,110202945
현대해상,001450,KOSPI,500,89400000
현대홈쇼핑,057050,KOSPI,5000,12000000
현대힘스,460930,KOSDAQ,500,35425271
현우산업,092300,KOSDAQ,500,18672816
협진,138360,KOSDAQ,500,48348248
형지글로벌,308100,KOSDAQ,500,10073629
형지I&C,011080,KOSDAQ,500,31541686
형지엘리트,093240,KOSPI,500,38390259
혜인,003010,KOSPI,500,12712747
호전실업,111110,KOSPI,500,9376000
호텔신라우,008775,KOSPI,5000,751879
호텔신라,008770,KOSPI,5000,39248121
홈센타홀딩스,060560,KOSDAQ,100,127669525
홈캐스트,064240,KOSDAQ,500,35038012
화성밸브,039610,KOSDAQ,500,10410400
화승알앤에이,378850,KOSPI,500,18993623
화승엔터프라이즈,241590,KOSPI,500,60589276
화승인더,006060,KOSPI,500,55320000
화승코퍼레이션,013520,KOSPI,500,50051252
화신,010690,KOSPI,500,34920410
화신정공,126640,KOSDAQ,100,36373887
화인베스틸,133820,KOSPI,500,30826118
화인써키트,127980,KOSDAQ,100,11840684
화일약품,061250,KOSDAQ,500,82874653
화천기계,010660,KOSPI,500,22000000
화천기공,000850,KOSPI,5000,2200000
환인제약,016580,KOSPI,500,18600070
황금에스티,032560,KOSPI,500,17000000
효성,004800,KOSPI,5000,16740407
효성ITX,094280,KOSPI,500,11558200
효성오앤비,097870,KOSDAQ,500,8490000
효성중공업,298040,KOSPI,5000,9324548
효성티앤씨,298020,KOSPI,5000,4327682
효성화학,298000,KOSPI,5000,3791811
후성,093370,KOSPI,500,107255330
휴네시온,290270,KOSDAQ,500,9607672
휴니드,005870,KOSPI,5000,14116015
휴럼,353190,KOSDAQ,100,39378420
휴림로봇,090710,KOSDAQ,500,110237793
휴림에이텍,078590,KOSDAQ,500,56210338
휴마시스,205470,KOSDAQ,100,129375009
휴맥스,115160,KOSDAQ,500,43970124
휴맥스홀딩스,028080,KOSDAQ,500,12577506
휴먼테크놀로지,175140,KOSDAQ,500,24798012
휴메딕스,200670,KOSDAQ,500,11229930
휴비스,079980,KOSPI,5000,34500000
휴비츠,065510,KOSDAQ,500,12159371
휴스틸,005010,KOSPI,1000,56188075
휴엠앤씨,263920,KOSDAQ,500,49045134
휴온스,243070,KOSDAQ GLOBAL,500,11979665
휴온스글로벌,084110,KOSDAQ,500,12636820
휴젤,145020,KOSDAQ GLOBAL,500,12304033
흥구석유,024060,KOSDAQ,100,15000000
흥국,010240,KOSDAQ,500,12322696
흥국에프엔비,189980,KOSDAQ,100,40137827
흥국화재우,000545,KOSPI,5000,768000
흥국화재,000540,KOSPI,5000,64242645
흥아해운,003280,KOSPI,500,240424899
희림,037440,KOSDAQ,500,13922475
힘스,238490,KOSDAQ,500,11312236
