Price,Close,High,Low,Open,Volume,MA20,MA60,BB_Upper,BB_Lower,MACD,Signal,RSI
Ticker,051910.KS,051910.KS,051910.KS,051910.KS,051910.KS,,,,,,,
Date,,,,,,,,,,,,
2024-06-12,370118.96875,374602.2402422611,366631.9798115747,370118.96875,234425,,,,,0.0,0.0,
2024-06-13,365635.6875,376096.6540361035,365635.6875,376096.6540361035,393893,,,,,-357.64066951564746,-71.5281339031295,
2024-06-14,359658.0,365635.6952908587,354676.58725761774,363643.1301939058,448269,,,,,-1110.620360224275,-279.3465791673586,
2024-06-17,353680.28125,356669.1286971831,351687.71628521127,355672.84621478873,322322,,,,,-2164.760128041962,-656.4292889422793,
2024-06-18,350193.3125,357665.4315433855,349695.17123044096,356669.1490042674,208142,,,,,-3244.1462267248426,-1173.972676498792,
2024-06-19,358163.5625,360654.2687760779,349197.0199061196,351687.7261821975,306960,,,,,-3417.045349889726,-1622.587211176979,
2024-06-20,360156.125,364639.3962655602,356669.1362378977,358163.55999308435,269674,,,,,-3354.616083424771,-1968.9929856265376,
2024-06-21,354178.4375,363144.980221519,354178.4375,359657.9913853727,250301,,,,,-3744.3275859559653,-2324.0599056924234,
2024-06-24,354676.5625,357665.40993679775,351687.71506320225,353680.2800210674,163598,,,,,-3967.2502436546492,-2652.6979732848686,
2024-06-25,349695.15625,358661.69871794875,349695.15625,358163.55746972933,201226,,,,,-4494.071055314271,-3020.972589690749,
2024-06-26,350691.4375,353182.1437322443,346706.3075284091,349197.01376065344,180895,,,,,-4776.132491169381,-3372.0045699864754,
2024-06-27,342721.1875,352185.8714571221,341226.76371729653,348698.8826308139,241552,,,,,-5578.495354119397,-3813.30272681306,
2024-06-28,344215.625,345710.0488422576,335249.0819464544,342721.2011577424,221160,,,,,-6024.3402427085675,-4255.510229992162,
2024-07-01,354178.4375,356171.00254922645,339732.34089310834,344215.6122538678,245435,,,,,-5510.241192541027,-4506.456422501935,37.096755425794406
2024-07-02,351687.71875,357167.2724415722,350193.29501593485,352684.0012393768,196964,,,,,-5243.352079816628,-4653.835553964874,35.6588887170614
2024-07-03,358661.71875,368126.4029947917,355672.87109375,356669.1536458334,352143,,,,,-4418.167138738441,-4606.701870919587,44.776124294192634
2024-07-04,360654.28125,364639.411429558,356171.00979799725,363144.9876122238,178230,,,,,-3562.354382751335,-4397.832373285937,50.7936500033607
2024-07-05,359658.0,363643.1301939058,356669.15235457063,363144.98891966755,156023,,,,,-2930.724609453755,-4104.410820519501,55.17243803603809
2024-07-08,359159.84375,366133.8212985437,356669.137482663,359657.9850034674,167941,,,,,-2442.1983670188347,-3771.9683298193677,58.181808849603954
2024-07-09,361152.40625,363144.97125,358163.55874999997,361152.40625,200811,355946.8375,,369365.9355428475,342527.73945715255,-1872.6677113559563,-3392.1082061266857,53.06122057060334
2024-07-10,354676.5625,360156.11613412923,352683.99754213484,359657.9748946629,225609,355174.7171875,,366820.2160895224,343529.21828547755,-1921.7048163339496,-3098.027528168139,44.8598059609436
2024-07-11,365137.53125,369620.8024386085,353182.1414137108,356669.13011596183,479591,355149.809375,,366702.86473208375,343596.7540179163,-1103.731196971028,-2699.1682619287167,59.48274323576701
2024-07-12,366133.8125,369620.8011904762,360654.2588435374,361152.400085034,211244,355473.6,,367889.42100183095,343057.778998169,-370.81511402886827,-2233.497632348747,59.829054788042306
2024-07-15,357665.4375,367130.12177924794,355672.8723885794,366631.9805013928,272945,355672.8578125,,368095.4093677678,343250.30625723215,-467.9071844983846,-1880.3795427786747,56.45162840700689
2024-07-16,340230.46875,357665.4122437774,339732.3275073206,356669.1297584187,471069,355174.715625,,369215.9934141859,341133.43783581414,-1929.4679128206917,-1890.197216787078,43.31210394687579
2024-07-17,334252.78125,342721.1825633383,332758.35748882266,340230.4762947094,382543,353979.1765625,,370754.5086942971,337203.8444307029,-3529.4296753202216,-2218.0437084937066,44.444444444444436
2024-07-18,332260.21875,338237.913839955,330765.7949775112,333754.6425224888,201812,352584.38125,,371676.1554820926,333492.6070179074,-4901.6904046253185,-2754.7730477200294,42.20778453675818
2024-07-19,332260.21875,332260.21875,324788.0998875562,331263.9362350075,303750,351488.4703125,,372604.01911653136,330372.9215084687,-5920.963734939869,-3388.011185163997,33.58209688904327
2024-07-22,318810.40625,331762.0790039063,317814.12373046874,331263.9377441406,276341,349695.1625,,375288.0821089472,324102.24289105274,-7724.983851454803,-4255.405718422158,28.846167766240043
2024-07-23,311338.28125,323293.67125,310341.99874999997,321799.2475,365796,347777.31875,,378587.18092110206,316967.4565788979,-9646.422873209172,-5333.609149379561,19.745215294754146
2024-07-24,308847.59375,317315.99551411293,307851.31118951616,307851.31118951616,310446,345685.1265625,,381013.39814194926,310356.8549830508,-11240.580393122626,-6515.003398128174,17.08860709234726
2024-07-25,311836.4375,316817.85023961664,298386.62310303515,304364.31839057506,358228,344140.8890625,,382577.898634866,305703.87949013396,-12123.040140711586,-7636.610746644857,20.37036606768062
2024-07-26,305858.71875,311338.272343241,300877.30639250815,311338.272343241,269526,342223.04375,,384299.72553741134,300146.3619625887,-13153.126736221835,-8739.913944560252,19.07513843007422
2024-07-29,306855.0,308847.56493506493,299881.0227272727,306356.8587662338,177920,339856.871875,,384355.5191773954,295358.22457260464,-13730.806029157538,-9738.09236147971,18.128650036374253
2024-07-30,303866.15625,310840.1336065574,301873.5912909836,303368.0150102459,213468,337465.79375,,384362.39498966344,290569.1925103366,-14265.35362585471,-10643.54461435471,18.902436458709886
2024-07-31,304364.3125,308847.58387888706,301873.6061783961,304862.45376432076,166216,334750.9234375,,382754.5716437433,286747.27523125673,-14481.851630379737,-11411.206017559718,7.638900687669221
2024-08-01,312832.71875,317315.99019705417,304364.31712778663,304364.31712778663,234675,332359.8453125,,379690.1344995808,285029.5561254193,-13810.894848963362,-11891.143783840447,16.35221813163163
2024-08-02,307353.15625,312832.71008914104,304364.30870137765,306855.0149918963,184521,329744.603125,,376500.627715298,282988.5785347021,-13564.943440743082,-12225.903715220975,16.99347369983448
2024-08-05,271487.0,303368.04220183485,262520.45688073395,301375.4770642202,739306,325360.9609375,,376718.2507554296,274003.6711195704,-16078.778095946647,-12996.478591366109,13.6842254710686
2024-08-06,288423.78125,294401.4761981865,276468.3913536269,279955.3800734024,522030,321724.5296875,,372709.18852325657,270739.8708517434,-16513.990468588134,-13699.980966810515,28.301882884189155
2024-08-07,288921.9375,294401.491487069,280951.67715517245,281449.8184267242,234689,318436.7984375,,368952.68103868986,267920.9158363102,-16627.03623953421,-14285.392021355256,29.18660847186416
2024-08-08,275472.125,287427.515596745,275472.125,282944.24412296567,513713,313953.528125,,362909.6176674274,264997.4385825726,-17599.042484696663,-14948.122114023538,25.847463146235086
2024-08-09,284936.8125,287925.66018356645,277464.6932910839,278959.11713286716,266416,309893.678125,,353840.67708454945,265946.6791654505,-17405.00914418639,-15439.49952005611,35.08772605620841
2024-08-12,288921.9375,291910.7851293104,284936.8073275862,284936.8073275862,116247,306456.503125,,345105.3905735818,267807.6156764182,-16736.739328753145,-15698.947481795518,39.81901043329913
2024-08-13,287427.5,290914.48873483535,282446.08752166375,287925.6412478336,149417,303816.3546875,,339878.4733462937,267754.2360287063,-16141.648426875181,-15787.487670811452,40.18264238500706
2024-08-14,294899.625,296394.0487753378,291910.7774493243,292408.91870777024,135332,301848.696875,,335103.57026965177,268593.8234803483,-14895.391755297082,-15609.068487708577,42.543858200988325
2024-08-16,291412.625,300877.30854700855,291412.625,299881.0260683761,178695,299806.3171875,,330080.8018726405,269531.8325023595,-14027.397021094279,-15292.734194385717,43.49776087513648
2024-08-19,288423.78125,297390.3236722798,286431.21626727114,292408.91121545766,134205,297614.4953125,,324107.0394239916,271121.9512010084,-13425.914072404383,-14919.370169989452,41.85022574277346
2024-08-20,290416.34375,292408.9087156947,282446.0838872213,290914.48499142367,186647,296194.7921875,,320886.77405379317,271502.8103212068,-12642.714023460401,-14464.038940683642,44.00000223051354
2024-08-21,296892.1875,304862.4475671141,290914.4924496644,290914.4924496644,315259,295472.4875,,319122.4478574145,271822.5271425855,-11368.427714191377,-13844.916695385189,46.835441027617435
2024-08-22,314825.28125,316319.7050534019,298386.6194125791,299382.90194818034,477216,295771.371875,,320268.9485098147,271273.79524018534,-8809.940332693513,-12837.921422846855,50.78124885132086
2024-08-23,313829.0,317814.13015873014,310840.1523809524,314825.2825396825,278249,295871.0,,320658.16380178236,271083.83619821764,-6784.504673882446,-11627.238073053975,52.631581620848145
2024-08-26,315821.5625,323791.8227523659,313828.99743690854,314327.1387026814,306821,296369.1421875,,322372.07351944514,270366.2108555549,-4961.357736934966,-10294.062005830174,74.8603222733667
2024-08-27,317814.125,327776.9502351097,314825.27742946707,319308.54878526647,266835,296917.0984375,,324276.896191954,269557.30068304605,-3317.475718107831,-8898.744748285706,69.79865178416927
2024-08-28,312334.5625,323791.81120414677,311836.4212519936,317814.11622807017,263763,297340.51875,,325406.14159116964,269274.89590883034,-2428.8440712421434,-7604.764612876994,64.77985783636032
2024-08-29,319308.5625,326282.5404641186,308349.45427067083,310840.16068642744,365891,298087.73125,,327694.17033663136,268481.29216336866,-1148.61307644716,-6313.534305591027,80.13696452311201
2024-08-30,320304.84375,328275.1042476672,318810.4199066874,324788.1152799378,300871,298461.3375,,329024.35149771394,267898.3235022861,-53.01805971097201,-5061.431056415016,77.51935609525519
2024-09-02,338736.0625,346208.1815257353,325286.24825367646,326780.6720588235,628791,300030.4828125,,335365.5983712815,264695.36725371843,2276.254951232986,-3593.893854885416,81.64554650115699
2024-09-03,331762.09375,345211.9083614865,330267.6699042793,343219.3432338589,300066,303044.2375,,338410.64956201724,267677.82543798274,3518.9157295937766,-2171.3319379895775,76.33136336285506
2024-09-04,322795.53125,326282.5200135031,317814.1187307099,321301.1074942129,288314,304762.825,327478.0640625,340476.61340051435,269049.03659948567,3737.1274137272267,-989.6400676462167,66.27905831668656
2024-09-05,320304.84375,329271.3868098756,316817.8547822706,325784.3978421462,243178,306331.9703125,326647.82864583336,341872.55061433243,270791.3900106676,3666.815315384709,-58.34899104003159,67.05883525118557
2024-09-06,310342.0,322297.3900481541,307353.1524879615,320304.82504012843,274201,308075.4640625,325726.2671875,340528.94787569955,275621.9802493004,2775.183653545042,508.3575378769832,61.956518403836
2024-09-09,308349.4375,308847.5787560582,300379.1774030695,303368.0249394184,261256,309246.0953125,324871.12447916664,339819.92732964124,278672.2632953588,1886.0349594707368,783.8930221957339,59.78260906624045
2024-09-10,305360.59375,314825.2777324633,301873.6049143556,308349.44132340944,241348,310068.028125,324065.79635416664,339190.7104792217,280945.3457707783,929.4889318117057,813.0122041189284,54.802261088445654
2024-09-11,314327.125,317315.9724643423,305858.7238510301,305858.7238510301,258088,311413.009375,323468.0265625,338550.03935561946,284275.9793943806,884.7446630554041,827.3586959062236,49.68552516173527
2024-09-12,319308.5625,323791.8340483619,317315.9973673947,323791.8340483619,267862,312633.45625,322820.4432291667,338822.4272751519,286444.4852248481,1236.9856814023806,909.2840930054551,53.29341699761238
2024-09-13,320304.84375,324788.1152799378,314327.1483767496,321799.2675933126,166966,314078.0671875,322156.2552083333,338463.7142083084,289692.42016669165,1578.3367136524757,1043.0946171348594,52.72727756619586
2024-09-19,318312.25,330267.6396713615,311338.2726917058,326282.50978090765,254625,315572.490625,321558.48541666666,336796.8750466832,294348.10620331677,1668.836890331062,1168.2430717741,50.303020164338065
2024-09-20,315323.40625,324788.089849921,315323.40625,322297.3836394155,338962,316817.84375,320902.5994791667,334445.37052632304,299190.31697367696,1482.2972208873834,1231.0539015967565,51.874996324228526
2024-09-23,317814.125,319308.54878526647,312334.5711206897,317814.125,212728,317863.940625,320371.24895833334,332788.59703177,302939.28421823,1517.945446014055,1288.4322104802163,49.00661398742013
2024-09-24,344713.75,345710.03251445084,319806.68713872833,319806.68713872833,619371,319358.3640625,320271.62083333335,338415.3604931591,300301.3676318409,3674.4154748624424,1765.6288633566614,62.06895272977419
2024-09-25,347204.46875,358163.5768023673,343717.4798242468,348200.7513002152,554936,321027.1375,320346.3421875,343571.54453271115,298482.7304672889,5520.773654446064,2516.657821574542,54.97075937576468
2024-09-26,356669.15625,357665.4388093576,347702.61321578216,351189.6021735335,310692,323069.5171875,320553.9010416667,350499.8809393529,295639.15343564714,7659.453582559188,3545.2169737714717,64.20453289819335
2024-09-27,356171.0,367130.1076923077,352185.86993006995,358661.7062937063,477097,324987.3609375,320587.11041666666,356000.24311065534,293974.4787643447,9208.031334413565,4677.7798458998905,71.06916626061088
2024-09-30,355174.71875,367130.10900245444,355174.71875,362646.837657784,398091,327129.36875,320645.22708333336,360305.02216372854,293953.7153362715,10236.894244448631,5789.602725609639,72.4358634090474
2024-10-02,352185.875,364639.4066478076,352185.875,356669.14639321074,334645,328773.234375,320537.29635416664,363537.3462796862,294009.1224703138,10687.89737345674,6769.26165517906,79.57744363293861
2024-10-04,347204.46875,355174.7291517217,344713.762374462,352684.0227761837,262280,330118.215625,320313.1328125,365577.3063101347,294659.1249398653,10522.07086628693,7519.823497400634,76.35133789052979
2024-10-07,357665.4375,361650.5677228412,348200.7532207521,350691.45961002784,312315,331064.684375,320279.9234375,368450.4820426026,293678.8867073974,11106.733407777327,8237.205479475973,82.20856888735626
2024-10-08,359658.0,366631.97783933516,353182.163434903,356669.15235457063,341075,332459.4796875,320288.22604166664,371975.62457917136,292943.3347958286,11597.180744753918,8909.200532531562,80.53689466726172
2024-10-10,355174.71875,363643.1201788219,355174.71875,363144.978918303,355580,334078.4390625,320188.59791666665,374568.63724175736,293588.2408832427,11491.63208290079,9425.686842605408,74.32429396587571
2024-10-11,353182.15625,362646.8402679831,348698.8848730607,356171.00383462623,268871,335722.3046875,320163.69114583335,376526.3573874466,294918.2519875534,11119.027637484192,9764.355001581165,71.99997490673671
2024-10-14,353182.15625,349695.1674012694,341226.7659114951,348698.8848730607,283883,337864.3125,319964.4348958333,377540.72337782395,298187.90162217605,10700.388512015576,9951.561703668049,73.97260450553148
2024-10-15,340728.625,351687.7328216374,335747.2123538012,349695.1677631579,367113,339483.271875,319541.01510416664,376651.9892151081,302314.55453489185,9257.009057451563,9812.651174424751,65.45454752836966
2024-10-16,337739.78125,344713.75903392327,335747.21616887907,344713.75903392327,244835,341102.23125,319208.92083333334,374658.00215330336,307546.46034669667,7782.236945671204,9406.568328674042,62.048193454055685
2024-10-17,330267.65625,339732.3402149321,330267.65625,337241.63390837103,230137,341899.2578125,319042.87395833334,373476.1582245396,310322.3574004604,5942.0352974595735,8713.661722431149,38.582684555337835
2024-10-18,327278.8125,332758.36643835617,322795.5410958904,330267.6601027397,246908,342297.7703125,318926.64114583336,372859.0795309145,311736.46109408553,4194.140085356892,7809.757395016298,34.374998468427805
2024-10-21,329271.375,334750.9288956127,326282.52742057486,327776.95121028746,142420,342746.096875,318876.82708333334,372191.66815259255,313300.5255974074,2935.860901112843,6834.978096235607,25.663708953471385
2024-10-22,316817.84375,327776.95155267295,315821.5612224843,326780.6690251572,245722,342671.3765625,318619.45416666666,372384.3816784743,312958.37144652574,923.128438800748,5652.608164748636,21.16788187472497
2024-10-23,323293.6875,327278.81770030817,312832.72072419105,316319.7096494607,216204,343069.890625,318694.17552083335,371421.08954472805,314718.69170527195,-147.72716202848824,4492.541099393212,28.378384679193815
2024-10-24,326780.65625,335249.0574028201,323293.66754001525,326780.65625,258256,343518.2171875,318951.5484375,370435.1275676791,316601.30680732086,-706.8703431678005,3452.6588108810097,32.88589247693922
2024-10-25,321301.125,334750.9395348837,319806.7011627907,332758.37441860465,199007,342347.5859375,319159.1072916667,371024.48895630374,313670.68291869626,-1574.0035865884274,2447.326331387122,32.666660253935774
2024-10-28,337739.78125,341226.77014196164,321301.1193307522,321799.2606010324,351780,341874.3515625,319590.8296875,370526.14926479204,313222.55386020796,-924.098323324346,1773.0414004448287,37.654311187079436
2024-10-29,317315.96875,331263.9234203297,310840.13265306124,330765.7821821036,726670,339906.6921875,319781.7838541667,369664.27567836695,310149.1086966331,-2033.6322529797908,1011.706669759905,28.643200239079775
2024-10-30,319308.5625,323791.8340483619,311836.4432527301,312832.72581903276,299121,338063.5703125,319989.34322916664,368144.17677809985,307982.96384690015,-2720.796573901025,265.2060210277191,31.443306803222413
2024-10-31,312334.5625,318810.3987240829,312334.5625,315821.5512360447,250613,335921.5625,320130.48333333334,366957.8068405709,304885.3181594291,-3784.4974341795314,-544.7346700137311,29.901960935056692
2024-11-01,316817.84375,322297.39765133645,309345.72479363205,310840.14858490566,221329,334153.1609375,320338.0421875,365317.6127693467,302988.70910565334,-4217.112453666283,-1279.2102267442415,32.8638554344612
2024-11-04,322297.40625,324289.97135819163,312334.58070904174,318810.4173106646,254453,332907.8078125,320495.7869791667,363866.23059592524,301949.38502907474,-4070.881486555678,-1837.544478706529,40.70352582542207
2024-11-05,320802.96875,324289.95754076086,318312.26247088506,319308.54498253105,206892,331064.684375,320719.9505208333,360149.5277483398,301979.8410016602,-4029.1356406821287,-2275.862711101649,41.32653126544324
2024-11-06,304364.3125,322795.53927986906,297888.4760638298,322297.3980155483,485201,328300.0,321267.90572916664,356437.3365279384,300162.6634720616,-5261.858503422933,-2873.061869565906,37.85047400193418
2024-11-07,304364.3125,303866.1712356792,292907.0634206219,298884.75859247136,365149,325759.4796875,321533.58125,352835.2131100481,298683.7462649519,-6167.7028146481025,-3531.9900585823452,38.94231262233724
2024-11-08,301873.59375,311338.27738242573,300877.31126237626,300877.31126237626,234355,323194.0515625,321749.4421875,349023.8865952034,297364.2165297966,-7005.8124993442325,-4226.754546734723,36.842108422723086
2024-11-11,302869.875,312334.55859375,299881.02754934214,308349.4286595395,286872,320678.4375,322206.07135416666,343877.0138746307,297479.8611253693,-7503.137394768943,-4882.031116341567,42.473116647593756
2024-11-12,304364.3125,309345.7251432079,299881.04112111294,300379.1823854337,248157,318860.221875,322529.86302083335,341123.4733382288,296596.97041177115,-7688.059180132754,-5443.2367290998045,39.204550720112465
2024-11-13,287925.65625,301375.470642301,285933.09115484427,298884.7642733564,316441,316369.515625,322513.25833333336,340781.7040082585,291957.3272417415,-9056.67350849323,-6165.92408497849,30.693095750667396
2024-11-14,286431.21875,290416.34875,276966.535,287427.50125,432524,314177.69375,322496.6536458333,341080.4332590747,287274.95424092526,-10144.954124633281,-6961.730092909449,31.958777221407516
2024-11-15,276966.53125,280951.66119604313,266505.5651416367,279457.237466277,438875,311662.0796875,322197.76875,342524.4657093338,280799.6936656663,-11637.001426456613,-7896.784359618882,16.111153320428897
2024-11-18,288423.78125,291412.62872409326,273977.68512521585,273977.68512521585,236484,309619.7,322147.9546875,340977.7933032488,278261.6066967512,-11759.400293395622,-8669.30754637423,32.09879459472856
2024-11-19,287427.5,289420.0649913345,282944.2287694974,285933.07625649916,259699,308150.1828125,322131.35,340815.33703331155,275485.02859168843,-11800.762009163795,-9295.598438932142,30.000007841642727
2024-11-20,290416.34375,292907.04995711835,281449.80140437395,284936.79009433964,239227,306506.315625,322131.35,339271.5917034186,273741.0395465814,-11460.260011441831,-9728.53075343408,35.52632502132721
2024-11-21,293405.1875,295895.8936757216,286929.35144312395,288921.9163837012,215661,304837.5421875,322073.23333333334,336640.621575,273034.4628,-10824.457406258618,-9947.716083998988,34.22818622404836
2024-11-22,296892.1875,301873.6000419463,295895.90499161073,297390.3287541946,240849,303617.0953125,321774.3484375,334623.40916391264,272610.7814610874,-9924.800579904113,-9943.132983180014,32.413794893693236
2024-11-25,305360.59375,310342.0063723491,298386.6160787113,299881.039865416,388539,301998.1359375,321633.2083333333,328566.30494381173,275429.96693118825,-8431.295723587566,-9640.765531261524,40.25157977135138
2024-11-26,305858.71875,309843.8486359935,301873.5888640065,302371.7300997557,187822,301425.2734375,321467.1609375,327081.19832765916,275769.34854734084,-7125.35122677451,-9137.682670364122,51.18108797118423
2024-11-27,299881.03125,308847.5737126246,298386.60750622925,305360.58497715945,164520,300453.896875,321168.2760416667,324690.7847986949,276217.00895130506,-6497.8273192797205,-8609.711600147242,46.76258375896374
2024-11-28,303866.15625,306855.0036885246,298884.743852459,299881.0263319672,135494,300030.4765625,321027.1359375,323682.2689734949,276378.6841515051,-5614.226510623877,-8010.61458224257,51.40844883753602
2024-11-29,282944.25,302371.7601232394,282446.10871478874,301375.4775528169,348760,298336.796875,320421.0640625,321777.36909534124,274896.22465465876,-6526.950859846547,-7713.881837763365,39.01100037433122
2024-12-02,281449.8125,287925.6488938053,277962.8236725664,286431.22511061945,207368,296294.4171875,319773.48020833335,317998.50444498664,274590.32993001334,-7286.881465535611,-7628.4817633178145,37.362633196078555
2024-12-03,281449.8125,287925.6488938053,278460.96493362833,285434.94258849556,251104,294326.759375,318818.709375,313683.9547502408,274969.56399975927,-7799.227307992405,-7662.630872252733,45.63757795866091
2024-12-04,274973.96875,278460.95748414856,267501.85003396735,270490.69752038043,410398,292857.2421875,317872.240625,313430.1841910057,272284.3001839943,-8628.349309256359,-7855.774559653459,42.76729286790276
2024-12-05,264014.875,276468.40683962265,262022.3099056604,274973.9830188679,356114,290839.7703125,316892.56302083336,314363.48220274114,267316.0584222589,-10053.84725259128,-8295.389098241023,41.97531485697402
2024-12-06,265509.28125,268996.269934334,258037.16264071295,263516.71628752345,293620,289021.5546875,315979.30364583334,314494.98400436895,263548.12537063105,-10936.904718137579,-8823.692222220336,33.80280196788057
2024-12-09,245583.640625,258037.17209685597,245085.49936612576,256044.607061359,604144,286157.24296875,314899.99765625,317321.4764346198,254993.00950288022,-13093.631560452865,-9677.680089866843,26.66665272594298
2024-12-10,267003.71875,268996.2838152985,249568.77442863805,249568.77442863805,436988,284289.21328125,314210.90234375,315336.93304331345,253241.49351918648,-12925.435457589338,-10327.231163411343,39.17050751194461
2024-12-11,261524.15625,268498.13375,258535.30875,266505.56875,262560,282969.13828125,313480.2950520833,315571.9680924661,250366.30847003392,-13083.475571213756,-10878.480044971826,35.58558367624677
2024-12-12,266505.5625,268996.2686915888,260029.72640186918,264014.8563084112,423597,281972.85546875,312683.26901041664,315339.07907114556,248606.63186635444,-12660.819599595095,-11234.947955896481,36.44443298207362
2024-12-13,267501.84375,272483.2561103352,258037.16026536314,261524.14891759778,245172,281499.62109375,311819.82369791664,315428.5438605898,247570.6983269102,-12105.9206093002,-11409.142486577226,31.90474284295746
2024-12-16,267003.71875,271985.1314132463,264513.01241837686,268996.2838152985,171458,280428.61796875,310931.47161458334,314786.83092263463,246070.4050148654,-11572.947946142696,-11441.90357849032,31.428567587760085
2024-12-17,256044.609375,265011.15211575874,253553.90305812255,263516.7283256323,335413,278859.4734375,309893.6776041667,314706.1161542322,243012.83072076784,-11897.72227191797,-11533.067317175852,29.99999287122219
2024-12-18,259033.453125,261524.1594050481,254550.18182091348,256044.6055889423,325939,277290.32890625,308955.51171875,313749.18548849586,240831.4723240042,-11778.162230608927,-11582.086299862469,29.357791432969734
2024-12-19,257040.890625,259531.59692950582,249568.77171148255,251561.33675508722,225833,275472.1140625,307942.62447916664,312173.36038997245,238770.86773502757,-11709.216617268627,-11607.512363343702,35.55554200207891
2024-12-20,256542.75,260527.88009708736,253055.76116504852,259033.45631067958,280470,273454.6421875,306473.1078125,309630.4103548536,237278.87402014644,-11561.498746506113,-11598.309639976183,35.95504845790758
2024-12-23,255048.328125,256542.75192260742,247078.06787109375,255048.328125,226183,270939.02890625,304937.17213541665,304688.8699522969,237189.18786020315,-11433.223541532585,-11565.292420287466,35.35910884131522
2024-12-24,252059.484375,257539.03838315216,251561.34310153162,255546.47328927866,115503,268249.0671875,303193.6776041667,298694.2914866305,237803.84288836952,-11440.856161094242,-11540.405168448822,36.781607330561165
2024-12-26,247078.0625,253553.89881552418,245583.63873487903,253055.75756048388,194741,265608.91875,301375.46197916666,293560.2038388147,237657.63366118536,-11713.834389684198,-11575.091012695897,39.50616160470081
2024-12-27,246081.78125,249070.62879554657,241100.36867408908,243092.93370445343,229662,262719.7,299557.24635416665,285485.29862764955,239954.10137235047,-11873.690658355132,-11634.810941827745,37.88820081490853
2024-12-30,249070.625,254052.03749999998,243591.07124999998,244089.2125,198781,261026.01875,297838.6588541667,282457.3680764741,239594.6694235259,-11625.195177589048,-11632.887788980006,52.75590278918351
2025-01-02,241598.515625,251063.19974226804,239107.8092783505,249070.63466494845,207721,259033.45390625,296078.55963541666,279871.5678711984,238195.33994130162,-11894.089834509155,-11685.128198085837,24.242408880746936
2025-01-03,252557.625,258037.17899408285,238111.52810650886,238609.66937869822,363270,257588.84453125,294326.76276041666,275712.8822025133,239464.8068599867,-11094.986155919381,-11567.099789652548,41.818186484291594
2025-01-06,255546.46875,258535.3163377193,250066.9148391813,253055.7624269006,186799,256617.46953125,292591.57057291665,272796.3439250388,240438.5951374612,-10104.042904535192,-11274.488412629076,39.62264765099479
2025-01-07,254550.1875,263018.58904109587,254052.04623287672,259531.60017123286,191554,256144.23515625,290914.49505208334,271961.7066485187,240326.7636639813,-9291.992503541464,-10877.989230811556,37.73585631481203
2025-01-08,255546.46875,259033.4576023392,251063.19736842107,252059.47989766084,264700,255646.09453125,289287.23359375,270836.84154614,240455.34751636002,-8470.403599588637,-10396.472104566972,39.252331243202676
2025-01-09,248074.34375,255546.4625376506,246081.77873995985,255546.4625376506,333340,255770.6296875,287535.43671875,270651.7199617158,240889.53941328422,-8326.246724986413,-9982.42702865086,41.99999184468005
2025-01-10,244089.21875,249568.77264030612,244089.21875,248074.34885204083,203151,254624.9046875,285924.7799479167,269392.5213423128,239857.2880326872,-8436.319011551765,-9673.20542523104,35.294115838142105
2025-01-13,240104.09375,244089.22393672197,238111.52865663898,241598.51757002075,209303,253553.9015625,284297.51848958334,269289.91595247015,237817.8871725298,-8744.31930431322,-9487.428201047476,33.96226359261985
2025-01-14,243591.078125,245085.5019171779,237613.38295628835,242096.65433282207,272203,252408.17734375,282852.9088541667,267497.13362089545,237319.22106660454,-8607.815716826444,-9311.505704203271,38.3928528919602
2025-01-15,239107.796875,246579.91552734375,238609.65563151042,244089.20930989584,182124,250988.475,281383.3919270833,265426.9770174896,236549.97298251043,-8760.414365184959,-9201.287436399609,36.44066580151528
2025-01-16,243092.9375,247078.06762295082,242096.65496926228,243092.9375,187927,249792.9359375,279947.0846354167,262504.3011336394,237081.5707413606,-8462.234972985112,-9053.47694371671,42.49999673264545
2025-01-17,242594.796875,246081.78574178644,239107.80800821356,241100.37307494867,183472,249120.4453125,278710.0338541667,261862.2888281349,236378.6017968651,-8171.920627552347,-8877.165680483839,45.94595052835781
2025-01-20,251561.328125,252557.61061262377,245583.63319925743,246081.7744430693,246145,248746.8390625,277514.49453125,260677.18770745443,236816.49041754554,-7136.060221557447,-8528.944588698561,54.33070438300266
2025-01-21,239605.953125,251561.34371751559,237115.24675155926,249568.778618763,260411,247875.0921875,276061.5828125,259801.60790379872,235948.5764712013,-7196.871182996634,-8262.529907558177,43.44828153118415
2025-01-22,245085.5,248074.3475609756,240602.2286585366,241100.3699186992,203935,247302.2296875,274791.3223958333,258557.53061511126,236046.92875988872,-6725.3846222097345,-7955.100850488489,52.482267294740524
2025-01-23,239605.953125,243591.08332250518,238609.6705756237,243591.08332250518,174612,246530.1109375,273155.75859375,257666.072879299,235394.148995701,-6716.458610228961,-7707.372402436584,39.99999517436584
2025-01-24,238609.65625,241598.50371868475,236118.95002609602,240104.07998434236,205167,245857.61953125,271843.98671875,257209.97210699847,234505.26695550155,-6712.401130925224,-7508.378148134312,36.50792504873027
2025-01-31,236617.09375,241100.365,235122.66999999998,241100.365,257381,245334.57109375,270465.7955729167,257392.21169462203,233276.930492878,-6791.678449066996,-7365.03820832085,35.93748927898936
2025-02-03,221174.71875,233628.25021114864,220676.57749155405,233628.25021114864,339676,244089.21796875,268946.46484375,260263.9797531785,227914.4561843215,-8008.262633376755,-7493.683093332031,28.025469690061897
2025-02-04,212208.171875,222170.99684565727,210713.7481294014,221672.8555971244,670959,242246.0953125,267202.9703125,263601.99441479647,220890.19621020352,-9585.444720703439,-7912.035418806313,27.499992648449847
2025-02-05,220676.578125,223665.42568425508,212706.31796698645,212706.31796698645,499007,241199.9984375,265509.28984375,264637.67330211855,217762.32357288143,-10036.35047606536,-8336.898430258123,36.09467148116286
2025-02-06,221174.71875,221174.71875,216193.30616554053,218684.01245777027,224642,239630.853125,263848.8190104167,264048.5502004606,215213.1560495394,-10235.51213794644,-8716.621171795787,38.27159920135194
2025-02-07,216193.3125,223665.43159562213,215197.02995391705,219182.16013824884,322872,237663.1953125,262379.30234375,263005.65651566646,212320.73410933354,-10672.283600811148,-9107.75365759886,33.33333333333333
2025-02-10,220178.4375,221174.72002262445,207226.76470588235,213204.45984162897,437549,235944.6078125,260976.20442708334,261126.5437145434,210762.67191045661,-10574.960289940907,-9401.19498406727,38.41463566242561
2025-02-11,220676.578125,225159.84946388262,217189.58930586907,221174.71938487585,205949,234201.11328125,259622.92083333334,258481.06524359202,209921.16131890798,-10338.459751054645,-9588.647937464744,35.668781282958676
2025-02-12,219182.15625,224661.71015625002,217687.73245738636,221672.86257102274,209801,232756.50390625,258228.12552083333,256998.98919392753,208514.01861857247,-10154.563241943688,-9701.830998360532,35.220117721489274
2025-02-13,228646.84375,230141.26756535948,219680.30085784313,219680.30085784313,486366,231984.38515625,256966.16770833332,255684.71371259383,208284.05659990618,-9139.745455694996,-9589.413889827425,35.625004288404256
2025-02-14,226654.265625,231137.53681318683,225657.98313873628,230141.25432692308,201032,231311.89375,255944.97786458334,254804.49992262135,207819.28757737862,-8399.455753298505,-9351.42226252164,40.71427579219716
2025-02-17,236617.09375,240602.22375,226654.26875,226654.26875,342695,230963.19453125,255114.74244791668,253888.574826256,208037.81423624398,-6928.980885286466,-8866.933987074606,44.295299894153516
2025-02-18,238111.515625,239605.9393632322,235620.80939461297,237115.23313284517,192906,230913.38046875,254467.15885416666,253768.46794220078,208058.2929952992,-5578.7235498321825,-8209.291899626121,48.93616074646269
2025-02-19,244587.359375,248572.48946664968,237115.24045315682,237115.24045315682,342081,230988.1015625,253736.55182291666,254019.93667486357,207956.26645013643,-3940.6629046775925,-7355.566100636416,53.947373036982256
2025-02-20,245583.640625,249070.62943711967,243092.93433062878,244089.21684837725,296350,231137.54375,253039.15416666667,254522.55249336467,207752.53500663536,-2532.898790614272,-6391.0326386319875,56.000001672885276
2025-02-21,250066.90625,253055.75373505976,243591.0700323705,245583.63502241034,289285,231062.82265625,252366.66354166667,254181.08448663802,207944.560825862,-1043.4453318397282,-5321.515177273536,72.65624119345986
2025-02-24,254550.1875,257040.89383561644,246579.9272260274,248074.35102739726,245505,231810.034375,251719.08020833333,256967.062752863,206653.00599713696,493.0371681328106,-4158.604708192267,85.7142819487881
2025-02-25,247576.203125,254052.03942404425,247078.06187122734,252557.61566272634,196297,231934.56953125,250897.14713541666,257391.17977490288,206477.9592875971,1134.8861035172013,-3099.9065458503737,73.27585134614064
2025-02-26,251063.1875,253055.75248015873,244089.21006944444,244089.21006944444,190782,232507.43125,249992.19036458334,259177.64235720108,205837.2201427989,1902.9900217982067,-2099.327232320658,74.5901517114849
2025-02-27,250066.90625,251561.32999252988,246579.91751743027,249568.76500249002,147558,233080.29375,249062.32682291666,260774.90787900795,205385.67962099207,2403.6189176389016,-1198.738002328746,79.8245396814915
2025-02-28,233628.25,245583.64019189766,232133.82622601278,244587.35767590618,498771,232930.8515625,247958.11380208333,260577.3226927827,205284.3804322173,1457.1120677404106,-667.5679883149146,59.71222615721298
2025-03-04,226654.265625,231635.6780563187,224661.70065247253,230141.25432692308,344750,233204.82890625,246671.24895833334,260466.68808881033,205942.9697236897,142.61236833003932,-505.5319169859239,53.94736190444745
2025-03-05,229643.125,234624.53768980477,222669.14723427332,228646.84246203906,307884,234076.5765625,245782.896875,259569.07220804293,208584.0809169571,-650.463997228886,-534.5183330345163,56.77419132889911
2025-03-06,232133.828125,239107.8057939914,230141.26307671674,232133.828125,201278,234649.4390625,244960.96380208334,259377.52121138232,209921.35691361767,-1065.7188605900737,-640.7584385456279,52.4822650859389
2025-03-07,249568.765625,254550.17811252494,227152.40943113773,228646.8331773952,762489,236069.14140625,244429.61302083332,260800.23347058892,211338.0493419111,11.905179347319063,-510.2257149670385,63.3720917509492
2025-03-10,246081.78125,253553.9001138664,239605.9449013158,253055.7588562753,306897,237563.56484375,243948.0765625,260804.93539179358,214322.19429570643,577.8978510436136,-292.6010017649081,55.97484438022949
2025-03-11,237115.234375,245085.49435399158,235122.6693802521,236617.09312631303,247839,238410.4046875,243499.74921875,260171.70201507595,216649.10735992406,299.4735798535985,-174.18608544120679,49.42528818513937
2025-03-12,250066.90625,252557.61248754978,237115.23381474102,239107.79880478088,309456,239879.92109375,243242.37630208334,260540.47413222355,219219.36805527643,1111.103903509851,82.87191234900479,52.94117252386251
2025-03-13,241598.515625,253055.7648195876,241598.515625,253055.7648195876,311370,241000.7390625,243175.95755208333,259221.65870864308,222779.81941635694,1058.7933220039413,278.0561942799921,48.019804440082794
2025-03-14,230141.265625,244587.3623850108,229144.98308982683,241598.51477949132,402574,241075.46015625,242561.58333333334,259094.20393323925,223056.71637926073,91.77456644226913,240.7998687124475,40.740745581266005
2025-03-17,234126.390625,239605.9444481383,231635.68434175532,232631.96685505318,214597,241449.06640625,242104.95390625,258492.25574034723,224405.87707215277,-349.00536531052785,122.83882190785245,40.46511281839477
2025-03-18,230639.40625,242096.65537257018,230639.40625,236617.10144438443,222768,241150.18203125,241507.18463541666,258750.70889699107,223549.65516550894,-968.532494287123,-95.43544133114264,41.826924164430416
2025-03-19,241100.375,250565.05914256198,235620.8210227273,236118.96229338844,611502,241299.625,241067.16015625,258842.17727463337,223757.07272536663,-608.3863560860045,-198.02562428211502,45.49550058706424
2025-03-20,256044.609375,261026.02200875487,244089.21905398832,245085.50158073928,673739,241872.4875,240884.50833333333,260576.90496013616,223168.07003986381,872.8452562491875,16.1485518241455,52.40000356324681
2025-03-21,260527.875,262520.4400095602,245583.63742829827,258037.16873804972,625338,242619.69921875,240959.22942708334,263061.64099843777,222177.75743906223,2381.0468228223326,489.128206023783,61.94690326898367
2025-03-24,263516.71875,266007.42497637053,257040.88256143668,260527.8712783554,402599,243292.18984375,241033.95052083334,265568.33395211265,221016.04573538734,3773.978072156635,1146.0981792503535,66.9724815523308
2025-03-25,258535.3125,267501.8551300578,257040.88872832368,264014.8663294798,255202,243491.44609375,241058.85755208333,266257.49907029077,220725.39311720926,4424.9205401859945,1801.8626514374819,63.063066118005175
2025-03-26,270988.84375,273479.5500344669,260029.73609834557,261026.01861213235,412341,244662.078125,241299.62578125,270511.4661842557,218812.69006574427,5877.9358437396295,2617.077289897911,66.11570729969856
2025-03-27,268000.0,274973.9776951673,266007.43494423793,266007.43494423793,281035,245508.91875,241515.48697916666,273279.58943826146,217738.2480617386,6710.926841182052,3435.8472001547398,58.68545306133028
2025-03-28,259000.0,272500.0,258000.0,271500.0,271423,245955.5734375,241631.16223958333,274316.00632636074,217595.14054863923,6569.128598822921,4062.503479888376,55.78684766497954
2025-03-31,245000.0,253500.0,243500.0,251500.0,376594,246524.1609375,241596.52786458333,274293.80211314955,218754.51976185045,5266.362128611916,4303.275209633084,53.379653138588516
2025-04-01,244000.0,251500.0,238500.0,248500.0,275259,247391.44765625,241561.83151041667,273587.0340101776,221195.86130232245,4105.8885450720845,4263.797876720884,47.10268708196694
2025-04-02,232500.0,246000.0,229500.0,244500.0,357276,247534.29140625,241285.65442708333,273350.79247568664,221717.79033681337,2232.5159249759745,3857.5414863719025,45.77718492725406
2025-04-03,223000.0,227500.0,221000.0,224000.0,311765,247077.6,240975.67916666667,274324.7014400194,219830.49855998057,-18.50269105346524,3082.332650886829,46.6242557594854
2025-04-04,229500.0,231000.0,219000.0,219000.0,308054,246074.16171875,240591.38541666666,274392.09317047236,217756.2302670276,-1263.391889469087,2213.187742815646,47.86385043251963
2025-04-07,213500.0,221000.0,212500.0,215500.0,457294,244445.07265625,239890.6109375,276290.24820839195,212599.89710410807,-3500.6880775215395,1070.412578748209,42.90593912772417
2025-04-08,211500.0,220000.0,210000.0,218000.0,323215,243164.3109375,239173.1078125,278155.7128881417,208172.9089868583,-5373.205739642202,-218.31108492987323,36.825555428214095
2025-04-09,203500.0,215500.0,202500.0,209000.0,431181,240835.965625,238305.66666666666,279858.4406657485,201813.4905842515,-7417.221506378963,-1658.0931692196914,25.072742844427196
2025-04-10,225500.0,227000.0,210500.0,217500.0,507522,240031.03984375,237929.42760416667,279646.910270253,200415.169417247,-7179.145864860708,-2762.303708347895,35.75090435177022
2025-04-11,221500.0,222500.0,216000.0,219500.0,221809,239598.9765625,237552.940625,279852.35793298134,199345.59519201866,-7229.894056094432,-3655.821777897202,33.04735446006252
2025-04-14,224500.0,233000.0,224000.0,224000.0,184201,239117.65703125,237292.87239583334,279873.6353655058,198361.6786969942,-6947.945840609842,-4314.24659043973,36.04450975306984
2025-04-15,225000.0,226000.0,219500.0,223000.0,160219,238835.68671875,236983.02109375,279915.3878554061,197755.98558209388,-6607.981331718911,-4772.993538695567,29.09385980339482
2025-04-16,220000.0,230000.0,219500.0,226500.0,182493,237780.66796875,236664.5578125,279690.8896987247,195870.4462387753,-6665.183140061155,-5151.431458968685,28.57142857142857
2025-04-17,221000.0,223000.0,216500.0,218500.0,173257,236028.4375,236296.3421875,277652.898388909,194403.976611091,-6554.270788875612,-5431.999324950071,31.730769230769226
2025-04-18,220500.0,222500.0,218000.0,222000.0,121724,234027.04375,235928.09557291667,274525.59000048507,193528.49749951495,-6432.567142916814,-5632.11288854342,36.464088397790064
2025-04-21,217500.0,222000.0,215500.0,219500.0,139454,231726.2078125,235360.40677083333,270356.0394897105,193096.3761352895,-6503.225914397335,-5806.335493714203,35.67567567567568
2025-04-22,215500.0,220500.0,214500.0,216000.0,156321,229574.4421875,234958.64088541668,266680.87040893995,192468.01396606007,-6644.018673655315,-5973.872129702426,39.75903614457832
2025-04-23,224000.0,226000.0,217500.0,220000.0,293033,227225.0,234607.21588541666,258833.5847765906,195616.4152234094,-6000.548400439729,-5979.207383849886,50.609756097560975
2025-04-24,223000.0,225000.0,218000.0,225000.0,163801,224975.0,234330.45,250105.13498193942,199844.86501806058,-5507.794785807113,-5884.924864241332,45.751633986928105
2025-04-25,224500.0,229000.0,222500.0,225000.0,201389,223250.0,234095.2890625,242623.0686643509,203876.9313356491,-4939.309249718237,-5695.801741336714,58.87096774193549
2025-04-28,221000.0,227000.0,221000.0,226000.0,246442,222050.0,233835.00416666668,238503.76296746262,205596.23703253738,-4716.828453640424,-5500.007083797456,57.480314960629926
2025-04-29,225500.0,227000.0,221500.0,223000.0,181044,221125.0,233907.0921875,234094.09281411092,208155.90718588908,-4129.792747839994,-5225.964216605964,68.33333333333333
2025-04-30,216000.0,225000.0,215000.0,225000.0,252764,220300.0,233970.28932291668,232284.20012481225,208315.79987518775,-4380.6360809269245,-5056.898589470156,39.99999999999999
2025-05-02,210000.0,217500.0,207000.0,216000.0,377264,219650.0,233792.34635416666,232403.1213929426,206896.8786070574,-5005.876457779348,-5046.694163131995,38.38383838383839
2025-05-07,208000.0,213000.0,206500.0,212500.0,369484,218575.0,233572.76770833333,231456.13675924987,205693.86324075013,-5598.234286278777,-5157.002187761352,32.98969072164948
2025-05-08,209000.0,211500.0,207500.0,208000.0,371941,218350.0,233452.87916666668,231751.09971920899,204948.90028079101,-5918.762678564322,-5309.354285921946,33.673469387755105
2025-05-09,205500.0,210000.0,205000.0,210000.0,253846,218050.0,233208.23854166668,232336.1729249676,203763.8270750324,-6381.640904103551,-5523.811609558267,34.73684210526315
2025-05-12,210500.0,210500.0,206000.0,207000.0,139178,218400.0,233038.62890625,231477.09930817081,205322.90069182919,-6272.709133182972,-5673.591114283208,39.80582524271844
2025-05-13,203000.0,211000.0,202000.0,211000.0,460327,217275.0,232768.92630208333,231592.72916425735,202957.27083574265,-6714.170462140522,-5881.706983854671,35.042735042735046
2025-05-14,203500.0,205000.0,199900.0,204000.0,247404,216375.0,232349.81223958332,231794.99726943707,200955.00273056293,-6943.64391973248,-6094.094371030234,37.5
2025-05-15,202500.0,204500.0,201000.0,202500.0,133796,215275.0,231947.24114583334,231378.20334264927,199171.79665735073,-7124.07305123916,-6300.090107072019,38.18181818181818
2025-05-16,193600.0,204000.0,193500.0,203500.0,529240,213705.0,231230.28958333333,231813.84924705615,195596.15075294385,-7894.220398701786,-6618.916165397973,22.563176895306853
2025-05-19,195800.0,200500.0,193000.0,193000.0,333557,212495.0,230525.09765625,232012.0613620622,192977.9386379378,-8232.150994022057,-6941.56313112279,25.97173144876325
2025-05-20,189700.0,197300.0,189000.0,197000.0,403320,210930.0,229610.30833333332,232488.44931441222,189371.55068558778,-8889.707432019175,-7331.191991302067,21.568627450980387
2025-05-21,188000.0,192000.0,187600.0,189600.0,379736,209305.0,228650.58098958334,232651.49528527225,185958.50471472775,-9439.19230586855,-7752.792054215364,22.222222222222214
2025-05-22,186700.0,190000.0,182600.0,187200.0,351583,207765.0,227594.46588541666,232835.11431124568,182694.88568875432,-9865.83495853265,-8175.400635078822,15.480427046263344
2025-05-23,182400.0,189700.0,182300.0,187100.0,220685,206110.0,226391.96276041667,233309.83746081428,178910.16253918572,-10430.68792049418,-8626.458092161894,17.058823529411768
2025-05-26,187700.0,188500.0,181500.0,181500.0,224084,204295.0,225394.02604166666,231312.30244822614,177277.69755177386,-10331.576276213425,-8967.481728972201,27.833001988071572
2025-05-27,182900.0,186700.0,182000.0,185800.0,223128,202290.0,224257.97291666668,229414.1124036196,175165.8875963804,-10519.091924982466,-9277.803768174255,26.3653483992467
2025-05-28,193900.0,194600.0,183950.0,184100.0,431738,200760.0,223321.8578125,225995.51382268086,175524.48617731914,-9668.637325870048,-9355.970479713415,38.03486529318542
2025-05-29,199300.0,202500.0,192200.0,194200.0,413246,199675.0,222749.7203125,223043.3434090693,176306.6565909307,-8461.37361060115,-9177.051105890961,45.23076923076923
2025-05-30,197300.0,199500.0,193900.0,197700.0,500660,198265.0,222260.48255208333,218227.2037597894,178302.7962402106,-7578.629974870797,-8857.36687968693,39.35483870967742
2025-06-02,195300.0,198200.0,193900.0,197500.0,157923,197230.0,221688.09713541667,215385.24862488976,179074.75137511024,-6960.199719243072,-8477.933447598158,43.1858407079646
2025-06-04,198700.0,202500.0,197200.0,197300.0,281974,196665.0,221130.86666666667,213822.87681626395,179507.12318373605,-6125.131003645918,-8007.37295880771,45.95959595959596
2025-06-05,201500.0,204000.0,197500.0,199200.0,240315,196340.0,220329.72057291667,212826.98370166388,179853.01629833612,-5177.7110013558995,-7441.440567317349,49.18300653594771
2025-06-09,201500.0,203500.0,198700.0,203000.0,315511,195965.0,219586.69088541667,211556.39776320613,180373.60223679387,-4376.425119204418,-6828.437477694763,57.55258126195028
2025-06-10,206500.0,212500.0,202000.0,203000.0,407152,196015.0,219076.43697916667,211740.97917627436,180289.02082372564,-3299.902845505043,-6122.73055125682,59.70961887477314
2025-06-11,208500.0,214000.0,205000.0,210000.0,289528,195915.0,218383.65520833334,211274.31399235566,180555.68600764434,-2259.3238237120386,-5350.049205747864,68.43137254901961
